SET session_replication_role = replica;

--
-- PostgreSQL database dump
--

-- \restrict SP5t7DWWr3IkGhWQWb1uE4BxRp3o3YjL71QdZjKRsq0pXXGgZ4XcK1SdVSH3CSC

-- Dumped from database version 17.6
-- Dumped by pg_dump version 17.6

SET statement_timeout = 0;
SET lock_timeout = 0;
SET idle_in_transaction_session_timeout = 0;
SET transaction_timeout = 0;
SET client_encoding = 'UTF8';
SET standard_conforming_strings = on;
SELECT pg_catalog.set_config('search_path', '', false);
SET check_function_bodies = false;
SET xmloption = content;
SET client_min_messages = warning;
SET row_security = off;

--
-- Data for Name: audit_log_entries; Type: TABLE DATA; Schema: auth; Owner: supabase_auth_admin
--

INSERT INTO "auth"."audit_log_entries" ("instance_id", "id", "payload", "created_at", "ip_address") VALUES
	('00000000-0000-0000-0000-000000000000', 'fb5e48bd-d5bc-4fac-81be-ff0ff72c272c', '{"action":"user_signedup","actor_id":"00000000-0000-0000-0000-000000000000","actor_username":"service_role","actor_via_sso":false,"log_type":"team","traits":{"provider":"email","user_email":"admin.aurevo@gmail.com","user_id":"2ce470b1-2b5c-4992-9e95-809565b828cc","user_phone":""}}', '2025-09-29 10:10:18.613775+00', ''),
	('00000000-0000-0000-0000-000000000000', '50b98347-839e-4fcc-8a29-9ef9aaf7cc0c', '{"action":"login","actor_id":"2ce470b1-2b5c-4992-9e95-809565b828cc","actor_username":"admin.aurevo@gmail.com","actor_via_sso":false,"log_type":"account","traits":{"provider":"email"}}', '2025-09-29 18:38:56.549694+00', ''),
	('00000000-0000-0000-0000-000000000000', 'b7d5b2d0-e27a-4491-9624-c46f9174698b', '{"action":"logout","actor_id":"2ce470b1-2b5c-4992-9e95-809565b828cc","actor_username":"admin.aurevo@gmail.com","actor_via_sso":false,"log_type":"account"}', '2025-09-29 18:40:22.677906+00', ''),
	('00000000-0000-0000-0000-000000000000', '2bd9e68b-9405-4013-b744-f811fec374c9', '{"action":"login","actor_id":"2ce470b1-2b5c-4992-9e95-809565b828cc","actor_username":"admin.aurevo@gmail.com","actor_via_sso":false,"log_type":"account","traits":{"provider":"email"}}', '2025-09-29 18:41:12.802233+00', ''),
	('00000000-0000-0000-0000-000000000000', '3c639346-da68-4931-8006-ef8ca1ec0a3a', '{"action":"token_refreshed","actor_id":"2ce470b1-2b5c-4992-9e95-809565b828cc","actor_username":"admin.aurevo@gmail.com","actor_via_sso":false,"log_type":"token"}', '2025-09-29 19:54:02.180469+00', ''),
	('00000000-0000-0000-0000-000000000000', '36bad821-d45a-4b96-96ef-425c29037ec7', '{"action":"token_revoked","actor_id":"2ce470b1-2b5c-4992-9e95-809565b828cc","actor_username":"admin.aurevo@gmail.com","actor_via_sso":false,"log_type":"token"}', '2025-09-29 19:54:02.198967+00', ''),
	('00000000-0000-0000-0000-000000000000', '05ca2f61-fa87-4fc8-9479-974c0454bb85', '{"action":"login","actor_id":"2ce470b1-2b5c-4992-9e95-809565b828cc","actor_username":"admin.aurevo@gmail.com","actor_via_sso":false,"log_type":"account","traits":{"provider":"email"}}', '2025-09-29 20:43:46.11925+00', ''),
	('00000000-0000-0000-0000-000000000000', '3761b145-243e-4051-bb91-bc26d05c68b5', '{"action":"logout","actor_id":"2ce470b1-2b5c-4992-9e95-809565b828cc","actor_username":"admin.aurevo@gmail.com","actor_via_sso":false,"log_type":"account"}', '2025-09-29 20:44:03.212961+00', ''),
	('00000000-0000-0000-0000-000000000000', '930423fa-a4b5-417b-b347-62283d3e2c25', '{"action":"login","actor_id":"2ce470b1-2b5c-4992-9e95-809565b828cc","actor_username":"admin.aurevo@gmail.com","actor_via_sso":false,"log_type":"account","traits":{"provider":"email"}}', '2025-09-29 21:03:07.350393+00', ''),
	('00000000-0000-0000-0000-000000000000', '5195df8f-bbb0-4c47-b5e5-64a63862657b', '{"action":"logout","actor_id":"2ce470b1-2b5c-4992-9e95-809565b828cc","actor_username":"admin.aurevo@gmail.com","actor_via_sso":false,"log_type":"account"}', '2025-09-29 21:03:12.973143+00', ''),
	('00000000-0000-0000-0000-000000000000', '1450db16-e7d4-4630-b396-100da1e4ff43', '{"action":"user_confirmation_requested","actor_id":"f0d28cc4-4efa-45cb-a42f-2e8fe2bfe997","actor_username":"nridoy018@gmail.com","actor_via_sso":false,"log_type":"user","traits":{"provider":"email"}}', '2025-09-29 21:07:55.455263+00', ''),
	('00000000-0000-0000-0000-000000000000', 'e1ce5f2a-8227-4de6-86aa-7c2df070d1be', '{"action":"user_signedup","actor_id":"f0d28cc4-4efa-45cb-a42f-2e8fe2bfe997","actor_username":"nridoy018@gmail.com","actor_via_sso":false,"log_type":"team","traits":{"provider":"email"}}', '2025-09-29 21:09:07.669564+00', ''),
	('00000000-0000-0000-0000-000000000000', 'c168e758-c142-4948-b084-691533e35268', '{"action":"login","actor_id":"f0d28cc4-4efa-45cb-a42f-2e8fe2bfe997","actor_username":"nridoy018@gmail.com","actor_via_sso":false,"log_type":"account","traits":{"provider":"email"}}', '2025-09-29 21:09:23.662028+00', ''),
	('00000000-0000-0000-0000-000000000000', '19d36540-0b18-4477-b2b5-675e4911c6e3', '{"action":"token_refreshed","actor_id":"f0d28cc4-4efa-45cb-a42f-2e8fe2bfe997","actor_username":"nridoy018@gmail.com","actor_via_sso":false,"log_type":"token"}', '2025-09-30 08:48:56.776752+00', ''),
	('00000000-0000-0000-0000-000000000000', 'df04182c-b5f2-459d-a57f-481fd4881424', '{"action":"token_revoked","actor_id":"f0d28cc4-4efa-45cb-a42f-2e8fe2bfe997","actor_username":"nridoy018@gmail.com","actor_via_sso":false,"log_type":"token"}', '2025-09-30 08:48:56.80079+00', ''),
	('00000000-0000-0000-0000-000000000000', '1d1919a5-252a-4c94-83cd-2df0951511ed', '{"action":"login","actor_id":"2ce470b1-2b5c-4992-9e95-809565b828cc","actor_username":"admin.aurevo@gmail.com","actor_via_sso":false,"log_type":"account","traits":{"provider":"email"}}', '2025-09-30 15:15:53.657274+00', ''),
	('00000000-0000-0000-0000-000000000000', '74376c25-e737-46c8-a353-2e46fe89428c', '{"action":"logout","actor_id":"2ce470b1-2b5c-4992-9e95-809565b828cc","actor_username":"admin.aurevo@gmail.com","actor_via_sso":false,"log_type":"account"}', '2025-09-30 15:16:05.794597+00', ''),
	('00000000-0000-0000-0000-000000000000', 'eef4fdde-33bd-4060-98ba-56a7d82f7f12', '{"action":"login","actor_id":"2ce470b1-2b5c-4992-9e95-809565b828cc","actor_username":"admin.aurevo@gmail.com","actor_via_sso":false,"log_type":"account","traits":{"provider":"email"}}', '2025-09-30 15:17:02.602354+00', ''),
	('00000000-0000-0000-0000-000000000000', '75c8f00c-cc7e-46f6-b42e-954e7423b775', '{"action":"login","actor_id":"2ce470b1-2b5c-4992-9e95-809565b828cc","actor_username":"admin.aurevo@gmail.com","actor_via_sso":false,"log_type":"account","traits":{"provider":"email"}}', '2025-09-30 16:02:36.217281+00', ''),
	('00000000-0000-0000-0000-000000000000', '6f18f819-4e83-4c47-a662-b309a906312b', '{"action":"login","actor_id":"2ce470b1-2b5c-4992-9e95-809565b828cc","actor_username":"admin.aurevo@gmail.com","actor_via_sso":false,"log_type":"account","traits":{"provider":"email"}}', '2025-09-30 16:07:26.517601+00', ''),
	('00000000-0000-0000-0000-000000000000', '2b76fbac-67ca-4d25-955e-64195d89878c', '{"action":"login","actor_id":"2ce470b1-2b5c-4992-9e95-809565b828cc","actor_username":"admin.aurevo@gmail.com","actor_via_sso":false,"log_type":"account","traits":{"provider":"email"}}', '2025-09-30 16:35:20.973632+00', ''),
	('00000000-0000-0000-0000-000000000000', 'cbdfcd08-e5b3-48fa-9598-41ed9dc26e71', '{"action":"token_refreshed","actor_id":"2ce470b1-2b5c-4992-9e95-809565b828cc","actor_username":"admin.aurevo@gmail.com","actor_via_sso":false,"log_type":"token"}', '2025-09-30 18:38:57.360945+00', ''),
	('00000000-0000-0000-0000-000000000000', 'da83de9a-5629-45aa-87bd-2a630fa4792e', '{"action":"token_revoked","actor_id":"2ce470b1-2b5c-4992-9e95-809565b828cc","actor_username":"admin.aurevo@gmail.com","actor_via_sso":false,"log_type":"token"}', '2025-09-30 18:38:57.373026+00', ''),
	('00000000-0000-0000-0000-000000000000', '0f2a0f55-6c9f-4e90-8c50-793e42b5970b', '{"action":"token_refreshed","actor_id":"2ce470b1-2b5c-4992-9e95-809565b828cc","actor_username":"admin.aurevo@gmail.com","actor_via_sso":false,"log_type":"token"}', '2025-09-30 19:42:09.181656+00', ''),
	('00000000-0000-0000-0000-000000000000', '61011a18-8393-4b40-8787-9b6a7d926932', '{"action":"token_revoked","actor_id":"2ce470b1-2b5c-4992-9e95-809565b828cc","actor_username":"admin.aurevo@gmail.com","actor_via_sso":false,"log_type":"token"}', '2025-09-30 19:42:09.189612+00', ''),
	('00000000-0000-0000-0000-000000000000', '91404777-c564-4c98-b2bf-10c9fbca7b15', '{"action":"token_refreshed","actor_id":"2ce470b1-2b5c-4992-9e95-809565b828cc","actor_username":"admin.aurevo@gmail.com","actor_via_sso":false,"log_type":"token"}', '2025-10-01 06:07:52.779926+00', ''),
	('00000000-0000-0000-0000-000000000000', 'd48458b7-3f93-45a3-ad1d-a80f500ebad0', '{"action":"token_revoked","actor_id":"2ce470b1-2b5c-4992-9e95-809565b828cc","actor_username":"admin.aurevo@gmail.com","actor_via_sso":false,"log_type":"token"}', '2025-10-01 06:07:52.802848+00', ''),
	('00000000-0000-0000-0000-000000000000', 'd84356fa-658e-4198-b61a-c571d3c3bccc', '{"action":"token_refreshed","actor_id":"2ce470b1-2b5c-4992-9e95-809565b828cc","actor_username":"admin.aurevo@gmail.com","actor_via_sso":false,"log_type":"token"}', '2025-10-01 07:07:24.899234+00', ''),
	('00000000-0000-0000-0000-000000000000', 'f1ba5466-3c9a-4779-bba6-c95bf26ca815', '{"action":"token_revoked","actor_id":"2ce470b1-2b5c-4992-9e95-809565b828cc","actor_username":"admin.aurevo@gmail.com","actor_via_sso":false,"log_type":"token"}', '2025-10-01 07:07:24.910727+00', ''),
	('00000000-0000-0000-0000-000000000000', '5a3937c8-38af-44a5-8332-d497c15dbaa9', '{"action":"logout","actor_id":"2ce470b1-2b5c-4992-9e95-809565b828cc","actor_username":"admin.aurevo@gmail.com","actor_via_sso":false,"log_type":"account"}', '2025-10-01 07:20:11.589799+00', ''),
	('00000000-0000-0000-0000-000000000000', 'b428021e-4b27-4aa1-b90f-db1a3d53ccb8', '{"action":"login","actor_id":"2ce470b1-2b5c-4992-9e95-809565b828cc","actor_username":"admin.aurevo@gmail.com","actor_via_sso":false,"log_type":"account","traits":{"provider":"email"}}', '2025-10-01 07:25:10.900839+00', ''),
	('00000000-0000-0000-0000-000000000000', '1d259be6-3dae-43c3-9589-ab7fe027e5d1', '{"action":"token_refreshed","actor_id":"2ce470b1-2b5c-4992-9e95-809565b828cc","actor_username":"admin.aurevo@gmail.com","actor_via_sso":false,"log_type":"token"}', '2025-10-01 08:26:52.891065+00', ''),
	('00000000-0000-0000-0000-000000000000', '99787e30-b8b6-4a7d-a940-ae70bed24cbc', '{"action":"token_revoked","actor_id":"2ce470b1-2b5c-4992-9e95-809565b828cc","actor_username":"admin.aurevo@gmail.com","actor_via_sso":false,"log_type":"token"}', '2025-10-01 08:26:52.90293+00', ''),
	('00000000-0000-0000-0000-000000000000', '7c6d33d2-62e8-4e8e-86af-45f29d793f36', '{"action":"token_refreshed","actor_id":"2ce470b1-2b5c-4992-9e95-809565b828cc","actor_username":"admin.aurevo@gmail.com","actor_via_sso":false,"log_type":"token"}', '2025-10-01 09:43:35.899861+00', ''),
	('00000000-0000-0000-0000-000000000000', '58917688-87ef-49e1-b0a8-687d8feeff87', '{"action":"token_revoked","actor_id":"2ce470b1-2b5c-4992-9e95-809565b828cc","actor_username":"admin.aurevo@gmail.com","actor_via_sso":false,"log_type":"token"}', '2025-10-01 09:43:35.923914+00', ''),
	('00000000-0000-0000-0000-000000000000', 'c4749b85-7dee-4261-8ec0-f7c1f8729638', '{"action":"token_refreshed","actor_id":"2ce470b1-2b5c-4992-9e95-809565b828cc","actor_username":"admin.aurevo@gmail.com","actor_via_sso":false,"log_type":"token"}', '2025-10-01 10:56:47.826681+00', ''),
	('00000000-0000-0000-0000-000000000000', '7e7b0628-688e-4afa-9104-b157d94699aa', '{"action":"token_revoked","actor_id":"2ce470b1-2b5c-4992-9e95-809565b828cc","actor_username":"admin.aurevo@gmail.com","actor_via_sso":false,"log_type":"token"}', '2025-10-01 10:56:47.847351+00', ''),
	('00000000-0000-0000-0000-000000000000', '28f787f4-5c35-40c1-a5de-0da3447ef7c8', '{"action":"logout","actor_id":"2ce470b1-2b5c-4992-9e95-809565b828cc","actor_username":"admin.aurevo@gmail.com","actor_via_sso":false,"log_type":"account"}', '2025-10-01 10:57:05.467378+00', ''),
	('00000000-0000-0000-0000-000000000000', '39e3d0b5-2993-44c6-b6cf-12d397b218bc', '{"action":"login","actor_id":"2ce470b1-2b5c-4992-9e95-809565b828cc","actor_username":"admin.aurevo@gmail.com","actor_via_sso":false,"log_type":"account","traits":{"provider":"email"}}', '2025-10-01 11:04:14.349467+00', ''),
	('00000000-0000-0000-0000-000000000000', '938f8814-2bb4-456b-baaa-fedc0126bdf4', '{"action":"token_refreshed","actor_id":"2ce470b1-2b5c-4992-9e95-809565b828cc","actor_username":"admin.aurevo@gmail.com","actor_via_sso":false,"log_type":"token"}', '2025-10-01 12:02:50.781084+00', ''),
	('00000000-0000-0000-0000-000000000000', '61690ee1-c71a-4a7e-8ae5-748958a02889', '{"action":"token_revoked","actor_id":"2ce470b1-2b5c-4992-9e95-809565b828cc","actor_username":"admin.aurevo@gmail.com","actor_via_sso":false,"log_type":"token"}', '2025-10-01 12:02:50.792797+00', ''),
	('00000000-0000-0000-0000-000000000000', '5edeb47e-4a82-4dcf-b60c-f6e95361d0e8', '{"action":"logout","actor_id":"2ce470b1-2b5c-4992-9e95-809565b828cc","actor_username":"admin.aurevo@gmail.com","actor_via_sso":false,"log_type":"account"}', '2025-10-01 12:06:16.728671+00', ''),
	('00000000-0000-0000-0000-000000000000', '71c0622e-0e45-4a30-a6e8-331f96a964ac', '{"action":"user_repeated_signup","actor_id":"f0d28cc4-4efa-45cb-a42f-2e8fe2bfe997","actor_username":"nridoy018@gmail.com","actor_via_sso":false,"log_type":"user","traits":{"provider":"email"}}', '2025-10-01 12:12:57.254947+00', ''),
	('00000000-0000-0000-0000-000000000000', '546471d2-6444-4a43-99c1-716f535e248e', '{"action":"user_repeated_signup","actor_id":"f0d28cc4-4efa-45cb-a42f-2e8fe2bfe997","actor_username":"nridoy018@gmail.com","actor_via_sso":false,"log_type":"user","traits":{"provider":"email"}}', '2025-10-01 12:25:14.483449+00', ''),
	('00000000-0000-0000-0000-000000000000', '3a403ef6-fa39-4ce0-af5b-6a3488e3c26e', '{"action":"user_confirmation_requested","actor_id":"f2f488de-abd6-42d2-98ad-7e6310f3d3e4","actor_username":"stunnedarif@gmail.com","actor_via_sso":false,"log_type":"user","traits":{"provider":"email"}}', '2025-10-01 12:25:30.947469+00', ''),
	('00000000-0000-0000-0000-000000000000', 'a9e9af14-60ae-4a96-9afd-5fd79eb3e87b', '{"action":"user_confirmation_requested","actor_id":"ad35caf6-8a09-4443-8ce9-352aab4805e8","actor_username":"stnnedarif@gmail.com","actor_via_sso":false,"log_type":"user","traits":{"provider":"email"}}', '2025-10-01 13:38:08.660073+00', ''),
	('00000000-0000-0000-0000-000000000000', '6db18822-703e-4a20-9b0f-07c5e0ee7009', '{"action":"user_confirmation_requested","actor_id":"f2f488de-abd6-42d2-98ad-7e6310f3d3e4","actor_username":"stunnedarif@gmail.com","actor_via_sso":false,"log_type":"user","traits":{"provider":"email"}}', '2025-10-01 13:53:54.150099+00', ''),
	('00000000-0000-0000-0000-000000000000', 'd2e35025-9fd3-443e-b1f9-9b52f7296cc8', '{"action":"user_confirmation_requested","actor_id":"f2f488de-abd6-42d2-98ad-7e6310f3d3e4","actor_username":"stunnedarif@gmail.com","actor_via_sso":false,"log_type":"user","traits":{"provider":"email"}}', '2025-10-01 14:30:49.331474+00', ''),
	('00000000-0000-0000-0000-000000000000', '332d2123-5ca1-4130-a6cb-f555bbe797b3', '{"action":"login","actor_id":"2ce470b1-2b5c-4992-9e95-809565b828cc","actor_username":"admin.aurevo@gmail.com","actor_via_sso":false,"log_type":"account","traits":{"provider":"email"}}', '2025-10-03 16:08:24.768978+00', ''),
	('00000000-0000-0000-0000-000000000000', '300a858d-18a2-4fb0-a867-01881a6162a1', '{"action":"token_refreshed","actor_id":"2ce470b1-2b5c-4992-9e95-809565b828cc","actor_username":"admin.aurevo@gmail.com","actor_via_sso":false,"log_type":"token"}', '2025-10-06 09:15:09.662469+00', ''),
	('00000000-0000-0000-0000-000000000000', 'e8a31c5c-3e03-4564-b06f-dd2f9070a72e', '{"action":"token_revoked","actor_id":"2ce470b1-2b5c-4992-9e95-809565b828cc","actor_username":"admin.aurevo@gmail.com","actor_via_sso":false,"log_type":"token"}', '2025-10-06 09:15:09.684271+00', ''),
	('00000000-0000-0000-0000-000000000000', '70b4c69b-851d-4b4f-9889-e95a2630a200', '{"action":"token_refreshed","actor_id":"2ce470b1-2b5c-4992-9e95-809565b828cc","actor_username":"admin.aurevo@gmail.com","actor_via_sso":false,"log_type":"token"}', '2025-10-06 11:21:32.005751+00', ''),
	('00000000-0000-0000-0000-000000000000', '686aec47-0266-4e2c-9ac3-3512788a0826', '{"action":"token_revoked","actor_id":"2ce470b1-2b5c-4992-9e95-809565b828cc","actor_username":"admin.aurevo@gmail.com","actor_via_sso":false,"log_type":"token"}', '2025-10-06 11:21:32.030688+00', ''),
	('00000000-0000-0000-0000-000000000000', '5bd5bb16-4577-4752-9b4a-a99b1a3ef385', '{"action":"token_refreshed","actor_id":"2ce470b1-2b5c-4992-9e95-809565b828cc","actor_username":"admin.aurevo@gmail.com","actor_via_sso":false,"log_type":"token"}', '2025-10-06 13:39:37.225631+00', ''),
	('00000000-0000-0000-0000-000000000000', '0b171ef3-97d6-4eb2-acb9-b1d0295bedb7', '{"action":"token_revoked","actor_id":"2ce470b1-2b5c-4992-9e95-809565b828cc","actor_username":"admin.aurevo@gmail.com","actor_via_sso":false,"log_type":"token"}', '2025-10-06 13:39:37.242666+00', ''),
	('00000000-0000-0000-0000-000000000000', 'b7787b5a-b1e3-4849-806e-979647a359bb', '{"action":"token_refreshed","actor_id":"2ce470b1-2b5c-4992-9e95-809565b828cc","actor_username":"admin.aurevo@gmail.com","actor_via_sso":false,"log_type":"token"}', '2025-10-07 06:16:04.085752+00', ''),
	('00000000-0000-0000-0000-000000000000', 'c7b2e769-061f-4138-896c-42ea2ea3d8d6', '{"action":"token_revoked","actor_id":"2ce470b1-2b5c-4992-9e95-809565b828cc","actor_username":"admin.aurevo@gmail.com","actor_via_sso":false,"log_type":"token"}', '2025-10-07 06:16:04.094353+00', ''),
	('00000000-0000-0000-0000-000000000000', 'dc1321d0-c710-4080-8bc0-1a7b44547fb3', '{"action":"logout","actor_id":"2ce470b1-2b5c-4992-9e95-809565b828cc","actor_username":"admin.aurevo@gmail.com","actor_via_sso":false,"log_type":"account"}', '2025-10-07 07:14:07.136558+00', ''),
	('00000000-0000-0000-0000-000000000000', 'f53c2f0b-ddf9-4555-b373-fe600406e889', '{"action":"login","actor_id":"2ce470b1-2b5c-4992-9e95-809565b828cc","actor_username":"admin.aurevo@gmail.com","actor_via_sso":false,"log_type":"account","traits":{"provider":"email"}}', '2025-10-07 07:30:36.1257+00', ''),
	('00000000-0000-0000-0000-000000000000', 'efc8d178-2e21-429b-bf41-e130d85af43e', '{"action":"token_refreshed","actor_id":"2ce470b1-2b5c-4992-9e95-809565b828cc","actor_username":"admin.aurevo@gmail.com","actor_via_sso":false,"log_type":"token"}', '2025-10-07 08:46:05.179613+00', ''),
	('00000000-0000-0000-0000-000000000000', 'cb4d57ed-64a8-44aa-a664-404005f8e961', '{"action":"token_revoked","actor_id":"2ce470b1-2b5c-4992-9e95-809565b828cc","actor_username":"admin.aurevo@gmail.com","actor_via_sso":false,"log_type":"token"}', '2025-10-07 08:46:05.202753+00', ''),
	('00000000-0000-0000-0000-000000000000', '7cad6a02-3eae-4e54-9fa2-e893c2ba570c', '{"action":"token_refreshed","actor_id":"2ce470b1-2b5c-4992-9e95-809565b828cc","actor_username":"admin.aurevo@gmail.com","actor_via_sso":false,"log_type":"token"}', '2025-10-07 11:11:01.892349+00', ''),
	('00000000-0000-0000-0000-000000000000', '5631d779-06b7-4a17-b2e9-5a45b170a307', '{"action":"token_revoked","actor_id":"2ce470b1-2b5c-4992-9e95-809565b828cc","actor_username":"admin.aurevo@gmail.com","actor_via_sso":false,"log_type":"token"}', '2025-10-07 11:11:01.919152+00', ''),
	('00000000-0000-0000-0000-000000000000', '2ce90355-1db0-4bc1-b513-b00d013e6352', '{"action":"token_refreshed","actor_id":"2ce470b1-2b5c-4992-9e95-809565b828cc","actor_username":"admin.aurevo@gmail.com","actor_via_sso":false,"log_type":"token"}', '2025-10-08 05:41:40.942276+00', ''),
	('00000000-0000-0000-0000-000000000000', '776c24be-ffce-4931-9373-645c9a6e1ca4', '{"action":"token_revoked","actor_id":"2ce470b1-2b5c-4992-9e95-809565b828cc","actor_username":"admin.aurevo@gmail.com","actor_via_sso":false,"log_type":"token"}', '2025-10-08 05:41:40.97421+00', ''),
	('00000000-0000-0000-0000-000000000000', '80949b3c-a22b-454d-a60e-22e7022295d1', '{"action":"logout","actor_id":"2ce470b1-2b5c-4992-9e95-809565b828cc","actor_username":"admin.aurevo@gmail.com","actor_via_sso":false,"log_type":"account"}', '2025-10-08 06:38:40.091149+00', ''),
	('00000000-0000-0000-0000-000000000000', '8eb6a7f2-e819-4e73-bb83-4aa692d79ce4', '{"action":"login","actor_id":"2ce470b1-2b5c-4992-9e95-809565b828cc","actor_username":"admin.aurevo@gmail.com","actor_via_sso":false,"log_type":"account","traits":{"provider":"email"}}', '2025-10-08 06:39:04.873604+00', ''),
	('00000000-0000-0000-0000-000000000000', 'c88ccac9-5808-4a91-8895-c82c4e3f5e87', '{"action":"logout","actor_id":"2ce470b1-2b5c-4992-9e95-809565b828cc","actor_username":"admin.aurevo@gmail.com","actor_via_sso":false,"log_type":"account"}', '2025-10-08 07:07:33.434757+00', ''),
	('00000000-0000-0000-0000-000000000000', '831d06ed-bce1-47c9-9683-0dca54161f4d', '{"action":"login","actor_id":"2ce470b1-2b5c-4992-9e95-809565b828cc","actor_username":"admin.aurevo@gmail.com","actor_via_sso":false,"log_type":"account","traits":{"provider":"email"}}', '2025-10-08 07:08:01.101502+00', ''),
	('00000000-0000-0000-0000-000000000000', '6d509fd6-88c9-4ec0-8dd5-28a9296858eb', '{"action":"logout","actor_id":"2ce470b1-2b5c-4992-9e95-809565b828cc","actor_username":"admin.aurevo@gmail.com","actor_via_sso":false,"log_type":"account"}', '2025-10-08 07:14:07.432608+00', ''),
	('00000000-0000-0000-0000-000000000000', 'ccbb9bfc-8973-43cc-b2a8-1073cf1e8be8', '{"action":"login","actor_id":"2ce470b1-2b5c-4992-9e95-809565b828cc","actor_username":"admin.aurevo@gmail.com","actor_via_sso":false,"log_type":"account","traits":{"provider":"email"}}', '2025-10-08 07:14:35.430653+00', ''),
	('00000000-0000-0000-0000-000000000000', 'd66f460b-63a4-4a1a-9b9c-a6e3b13bfcb6', '{"action":"logout","actor_id":"2ce470b1-2b5c-4992-9e95-809565b828cc","actor_username":"admin.aurevo@gmail.com","actor_via_sso":false,"log_type":"account"}', '2025-10-08 07:20:34.5025+00', ''),
	('00000000-0000-0000-0000-000000000000', '035c62e4-08d7-463d-85f2-0c5efb102be7', '{"action":"login","actor_id":"2ce470b1-2b5c-4992-9e95-809565b828cc","actor_username":"admin.aurevo@gmail.com","actor_via_sso":false,"log_type":"account","traits":{"provider":"email"}}', '2025-10-08 07:20:54.775809+00', ''),
	('00000000-0000-0000-0000-000000000000', '1d12f160-168d-4497-b253-5046d7648ae0', '{"action":"token_refreshed","actor_id":"2ce470b1-2b5c-4992-9e95-809565b828cc","actor_username":"admin.aurevo@gmail.com","actor_via_sso":false,"log_type":"token"}', '2025-10-08 08:23:12.641701+00', ''),
	('00000000-0000-0000-0000-000000000000', '2b5e9d49-ba78-4830-9067-92e0a80a109f', '{"action":"token_revoked","actor_id":"2ce470b1-2b5c-4992-9e95-809565b828cc","actor_username":"admin.aurevo@gmail.com","actor_via_sso":false,"log_type":"token"}', '2025-10-08 08:23:12.665768+00', ''),
	('00000000-0000-0000-0000-000000000000', '73f69d49-c1e1-4248-914d-d00774ec4175', '{"action":"logout","actor_id":"2ce470b1-2b5c-4992-9e95-809565b828cc","actor_username":"admin.aurevo@gmail.com","actor_via_sso":false,"log_type":"account"}', '2025-10-08 08:29:10.372486+00', ''),
	('00000000-0000-0000-0000-000000000000', 'dc5fce37-c976-49f1-8610-e4e5ebdf093c', '{"action":"login","actor_id":"2ce470b1-2b5c-4992-9e95-809565b828cc","actor_username":"admin.aurevo@gmail.com","actor_via_sso":false,"log_type":"account","traits":{"provider":"email"}}', '2025-10-08 08:29:35.10754+00', ''),
	('00000000-0000-0000-0000-000000000000', '0677fe03-10d5-4781-9e66-0dc27599ddc0', '{"action":"logout","actor_id":"2ce470b1-2b5c-4992-9e95-809565b828cc","actor_username":"admin.aurevo@gmail.com","actor_via_sso":false,"log_type":"account"}', '2025-10-08 08:30:03.453172+00', ''),
	('00000000-0000-0000-0000-000000000000', '62f71b09-fbfb-466a-bc2c-f0895612c56a', '{"action":"login","actor_id":"2ce470b1-2b5c-4992-9e95-809565b828cc","actor_username":"admin.aurevo@gmail.com","actor_via_sso":false,"log_type":"account","traits":{"provider":"email"}}', '2025-10-08 08:30:31.930127+00', ''),
	('00000000-0000-0000-0000-000000000000', '01646656-665b-4650-b703-15c491f3d510', '{"action":"logout","actor_id":"2ce470b1-2b5c-4992-9e95-809565b828cc","actor_username":"admin.aurevo@gmail.com","actor_via_sso":false,"log_type":"account"}', '2025-10-08 08:31:25.706324+00', ''),
	('00000000-0000-0000-0000-000000000000', '22bf3bfc-8db0-45db-8f60-23c3ecf1cc3e', '{"action":"login","actor_id":"2ce470b1-2b5c-4992-9e95-809565b828cc","actor_username":"admin.aurevo@gmail.com","actor_via_sso":false,"log_type":"account","traits":{"provider":"email"}}', '2025-10-08 08:31:47.198006+00', ''),
	('00000000-0000-0000-0000-000000000000', 'dbcc17ac-3fdd-436a-b1d4-d6b2301b549d', '{"action":"logout","actor_id":"2ce470b1-2b5c-4992-9e95-809565b828cc","actor_username":"admin.aurevo@gmail.com","actor_via_sso":false,"log_type":"account"}', '2025-10-08 08:34:00.550356+00', ''),
	('00000000-0000-0000-0000-000000000000', '42bc6679-104c-4756-9ab4-59cb50f4a795', '{"action":"login","actor_id":"2ce470b1-2b5c-4992-9e95-809565b828cc","actor_username":"admin.aurevo@gmail.com","actor_via_sso":false,"log_type":"account","traits":{"provider":"email"}}', '2025-10-08 08:34:27.706723+00', ''),
	('00000000-0000-0000-0000-000000000000', 'a97df1a8-a82e-45af-b58a-6817c8c134cb', '{"action":"logout","actor_id":"2ce470b1-2b5c-4992-9e95-809565b828cc","actor_username":"admin.aurevo@gmail.com","actor_via_sso":false,"log_type":"account"}', '2025-10-08 08:35:51.33503+00', ''),
	('00000000-0000-0000-0000-000000000000', '1386634c-e563-45df-a257-79d30ab7b43b', '{"action":"login","actor_id":"2ce470b1-2b5c-4992-9e95-809565b828cc","actor_username":"admin.aurevo@gmail.com","actor_via_sso":false,"log_type":"account","traits":{"provider":"email"}}', '2025-10-08 08:43:49.63385+00', ''),
	('00000000-0000-0000-0000-000000000000', '2bc719c6-147f-4f58-87a4-090728bdf2df', '{"action":"token_refreshed","actor_id":"2ce470b1-2b5c-4992-9e95-809565b828cc","actor_username":"admin.aurevo@gmail.com","actor_via_sso":false,"log_type":"token"}', '2025-10-08 10:52:17.614113+00', ''),
	('00000000-0000-0000-0000-000000000000', 'c6e972cf-bf3b-4ae9-91fb-96b4f66748d9', '{"action":"token_revoked","actor_id":"2ce470b1-2b5c-4992-9e95-809565b828cc","actor_username":"admin.aurevo@gmail.com","actor_via_sso":false,"log_type":"token"}', '2025-10-08 10:52:17.624358+00', ''),
	('00000000-0000-0000-0000-000000000000', '8077e68a-e277-4484-b672-99c7297e334b', '{"action":"token_refreshed","actor_id":"2ce470b1-2b5c-4992-9e95-809565b828cc","actor_username":"admin.aurevo@gmail.com","actor_via_sso":false,"log_type":"token"}', '2025-10-08 19:34:52.217772+00', ''),
	('00000000-0000-0000-0000-000000000000', 'b5d46635-4d32-4f17-be20-018108032565', '{"action":"token_revoked","actor_id":"2ce470b1-2b5c-4992-9e95-809565b828cc","actor_username":"admin.aurevo@gmail.com","actor_via_sso":false,"log_type":"token"}', '2025-10-08 19:34:52.253944+00', ''),
	('00000000-0000-0000-0000-000000000000', 'e8e0a7e5-4d1d-45fb-b591-7a9a4e01c134', '{"action":"token_refreshed","actor_id":"2ce470b1-2b5c-4992-9e95-809565b828cc","actor_username":"admin.aurevo@gmail.com","actor_via_sso":false,"log_type":"token"}', '2025-10-08 20:33:06.976573+00', ''),
	('00000000-0000-0000-0000-000000000000', '75959f4b-69d5-4c12-9174-015c9378d984', '{"action":"token_revoked","actor_id":"2ce470b1-2b5c-4992-9e95-809565b828cc","actor_username":"admin.aurevo@gmail.com","actor_via_sso":false,"log_type":"token"}', '2025-10-08 20:33:06.988382+00', ''),
	('00000000-0000-0000-0000-000000000000', 'f7ff015a-4d11-410b-840c-60d150e11e34', '{"action":"token_refreshed","actor_id":"2ce470b1-2b5c-4992-9e95-809565b828cc","actor_username":"admin.aurevo@gmail.com","actor_via_sso":false,"log_type":"token"}', '2025-10-08 21:31:19.514513+00', ''),
	('00000000-0000-0000-0000-000000000000', 'a3cd62b2-cf81-41f9-b012-eacb9ef00c2c', '{"action":"token_revoked","actor_id":"2ce470b1-2b5c-4992-9e95-809565b828cc","actor_username":"admin.aurevo@gmail.com","actor_via_sso":false,"log_type":"token"}', '2025-10-08 21:31:19.530027+00', ''),
	('00000000-0000-0000-0000-000000000000', '04f8ad1f-acb8-4ba4-93ff-ceadf99e2e58', '{"action":"token_refreshed","actor_id":"2ce470b1-2b5c-4992-9e95-809565b828cc","actor_username":"admin.aurevo@gmail.com","actor_via_sso":false,"log_type":"token"}', '2025-10-09 08:13:52.960567+00', ''),
	('00000000-0000-0000-0000-000000000000', '1c904eff-4d59-4628-a322-5f5ef70319bb', '{"action":"token_revoked","actor_id":"2ce470b1-2b5c-4992-9e95-809565b828cc","actor_username":"admin.aurevo@gmail.com","actor_via_sso":false,"log_type":"token"}', '2025-10-09 08:13:52.984264+00', ''),
	('00000000-0000-0000-0000-000000000000', 'c54bd9a7-4933-4695-bc42-2f6864c62607', '{"action":"token_refreshed","actor_id":"2ce470b1-2b5c-4992-9e95-809565b828cc","actor_username":"admin.aurevo@gmail.com","actor_via_sso":false,"log_type":"token"}', '2025-10-09 09:15:20.892838+00', ''),
	('00000000-0000-0000-0000-000000000000', '0ba72bdc-0bb0-41e4-8019-43d81619e2ff', '{"action":"token_revoked","actor_id":"2ce470b1-2b5c-4992-9e95-809565b828cc","actor_username":"admin.aurevo@gmail.com","actor_via_sso":false,"log_type":"token"}', '2025-10-09 09:15:20.907342+00', ''),
	('00000000-0000-0000-0000-000000000000', 'dfd2cb06-13f2-4a1c-a963-6517f238e685', '{"action":"token_refreshed","actor_id":"2ce470b1-2b5c-4992-9e95-809565b828cc","actor_username":"admin.aurevo@gmail.com","actor_via_sso":false,"log_type":"token"}', '2025-10-09 10:16:22.125722+00', ''),
	('00000000-0000-0000-0000-000000000000', 'fae02bf4-2d7d-4ce1-9443-2c723147dbe4', '{"action":"token_revoked","actor_id":"2ce470b1-2b5c-4992-9e95-809565b828cc","actor_username":"admin.aurevo@gmail.com","actor_via_sso":false,"log_type":"token"}', '2025-10-09 10:16:22.140334+00', ''),
	('00000000-0000-0000-0000-000000000000', '9f8fd59c-0119-4426-88ce-64e1cd829437', '{"action":"token_refreshed","actor_id":"2ce470b1-2b5c-4992-9e95-809565b828cc","actor_username":"admin.aurevo@gmail.com","actor_via_sso":false,"log_type":"token"}', '2025-10-09 11:27:42.08563+00', ''),
	('00000000-0000-0000-0000-000000000000', 'b3f139ea-eebb-42c5-a679-6d57f6d455c4', '{"action":"token_revoked","actor_id":"2ce470b1-2b5c-4992-9e95-809565b828cc","actor_username":"admin.aurevo@gmail.com","actor_via_sso":false,"log_type":"token"}', '2025-10-09 11:27:42.106581+00', ''),
	('00000000-0000-0000-0000-000000000000', 'db269bbd-8433-4651-8557-98443e7e333a', '{"action":"token_refreshed","actor_id":"2ce470b1-2b5c-4992-9e95-809565b828cc","actor_username":"admin.aurevo@gmail.com","actor_via_sso":false,"log_type":"token"}', '2025-10-09 12:45:28.218488+00', ''),
	('00000000-0000-0000-0000-000000000000', '49f22836-aa04-4d24-b76d-b6afeed81c49', '{"action":"token_revoked","actor_id":"2ce470b1-2b5c-4992-9e95-809565b828cc","actor_username":"admin.aurevo@gmail.com","actor_via_sso":false,"log_type":"token"}', '2025-10-09 12:45:28.237896+00', ''),
	('00000000-0000-0000-0000-000000000000', 'cd5e812b-1bb3-425d-984c-926a8b583607', '{"action":"token_refreshed","actor_id":"2ce470b1-2b5c-4992-9e95-809565b828cc","actor_username":"admin.aurevo@gmail.com","actor_via_sso":false,"log_type":"token"}', '2025-10-09 14:28:40.886809+00', ''),
	('00000000-0000-0000-0000-000000000000', '2e90a7f1-f40a-43a7-aefc-d176a2d3f592', '{"action":"token_revoked","actor_id":"2ce470b1-2b5c-4992-9e95-809565b828cc","actor_username":"admin.aurevo@gmail.com","actor_via_sso":false,"log_type":"token"}', '2025-10-09 14:28:40.920785+00', ''),
	('00000000-0000-0000-0000-000000000000', '0b3e8556-3df9-4599-9242-9d054c0d4dc2', '{"action":"token_refreshed","actor_id":"2ce470b1-2b5c-4992-9e95-809565b828cc","actor_username":"admin.aurevo@gmail.com","actor_via_sso":false,"log_type":"token"}', '2025-10-09 15:30:55.854798+00', ''),
	('00000000-0000-0000-0000-000000000000', 'da3fcc12-3a00-43c2-9ee2-6b033e52ddff', '{"action":"token_revoked","actor_id":"2ce470b1-2b5c-4992-9e95-809565b828cc","actor_username":"admin.aurevo@gmail.com","actor_via_sso":false,"log_type":"token"}', '2025-10-09 15:30:55.868372+00', ''),
	('00000000-0000-0000-0000-000000000000', 'edf9abda-8357-4c59-b8d6-942a6bbb075a', '{"action":"token_refreshed","actor_id":"2ce470b1-2b5c-4992-9e95-809565b828cc","actor_username":"admin.aurevo@gmail.com","actor_via_sso":false,"log_type":"token"}', '2025-10-09 16:29:27.878833+00', ''),
	('00000000-0000-0000-0000-000000000000', 'b33e6c48-1a5b-41cc-a8e9-374ef94fd7ae', '{"action":"token_revoked","actor_id":"2ce470b1-2b5c-4992-9e95-809565b828cc","actor_username":"admin.aurevo@gmail.com","actor_via_sso":false,"log_type":"token"}', '2025-10-09 16:29:27.890194+00', ''),
	('00000000-0000-0000-0000-000000000000', '55b7ab0d-08d6-464c-a6c9-262ae1c26c02', '{"action":"token_refreshed","actor_id":"2ce470b1-2b5c-4992-9e95-809565b828cc","actor_username":"admin.aurevo@gmail.com","actor_via_sso":false,"log_type":"token"}', '2025-10-10 09:08:42.38454+00', ''),
	('00000000-0000-0000-0000-000000000000', '5300d40b-4e3d-43a4-be8b-06559301b4e3', '{"action":"token_revoked","actor_id":"2ce470b1-2b5c-4992-9e95-809565b828cc","actor_username":"admin.aurevo@gmail.com","actor_via_sso":false,"log_type":"token"}', '2025-10-10 09:08:42.417452+00', ''),
	('00000000-0000-0000-0000-000000000000', '02c38546-b58f-4631-bcfe-1d2222253e47', '{"action":"login","actor_id":"2ce470b1-2b5c-4992-9e95-809565b828cc","actor_username":"admin.aurevo@gmail.com","actor_via_sso":false,"log_type":"account","traits":{"provider":"email"}}', '2025-11-07 05:56:33.988595+00', ''),
	('00000000-0000-0000-0000-000000000000', '440929a1-f7ab-47be-aca9-e0e11feeb566', '{"action":"token_refreshed","actor_id":"2ce470b1-2b5c-4992-9e95-809565b828cc","actor_username":"admin.aurevo@gmail.com","actor_via_sso":false,"log_type":"token"}', '2025-11-07 06:56:43.182497+00', ''),
	('00000000-0000-0000-0000-000000000000', 'ffe09914-a4de-40ca-9a93-ed6b50e69034', '{"action":"token_revoked","actor_id":"2ce470b1-2b5c-4992-9e95-809565b828cc","actor_username":"admin.aurevo@gmail.com","actor_via_sso":false,"log_type":"token"}', '2025-11-07 06:56:43.201392+00', ''),
	('00000000-0000-0000-0000-000000000000', '1ef18125-f258-45c8-a6ac-46c8c0eee6bc', '{"action":"token_refreshed","actor_id":"2ce470b1-2b5c-4992-9e95-809565b828cc","actor_username":"admin.aurevo@gmail.com","actor_via_sso":false,"log_type":"token"}', '2025-11-07 08:45:52.494163+00', ''),
	('00000000-0000-0000-0000-000000000000', 'c4a99211-48b4-4b08-bbd1-d129f3bbfdda', '{"action":"token_revoked","actor_id":"2ce470b1-2b5c-4992-9e95-809565b828cc","actor_username":"admin.aurevo@gmail.com","actor_via_sso":false,"log_type":"token"}', '2025-11-07 08:45:52.506818+00', ''),
	('00000000-0000-0000-0000-000000000000', 'b06f59bb-c50a-4cc2-b237-e6eeeebaf102', '{"action":"token_refreshed","actor_id":"2ce470b1-2b5c-4992-9e95-809565b828cc","actor_username":"admin.aurevo@gmail.com","actor_via_sso":false,"log_type":"token"}', '2025-11-07 10:09:34.010328+00', ''),
	('00000000-0000-0000-0000-000000000000', '22173c43-4a4c-450d-9e71-2db1d1b07189', '{"action":"token_revoked","actor_id":"2ce470b1-2b5c-4992-9e95-809565b828cc","actor_username":"admin.aurevo@gmail.com","actor_via_sso":false,"log_type":"token"}', '2025-11-07 10:09:34.021714+00', ''),
	('00000000-0000-0000-0000-000000000000', '6b1c872a-6e57-4fe9-b59a-e8ada2458d67', '{"action":"token_refreshed","actor_id":"2ce470b1-2b5c-4992-9e95-809565b828cc","actor_username":"admin.aurevo@gmail.com","actor_via_sso":false,"log_type":"token"}', '2025-11-13 03:00:57.894453+00', ''),
	('00000000-0000-0000-0000-000000000000', '4263d99c-899b-451e-ba4e-ae98ef289641', '{"action":"token_revoked","actor_id":"2ce470b1-2b5c-4992-9e95-809565b828cc","actor_username":"admin.aurevo@gmail.com","actor_via_sso":false,"log_type":"token"}', '2025-11-13 03:00:57.924328+00', ''),
	('00000000-0000-0000-0000-000000000000', '1c10d568-eb94-4ff9-a3ed-5ee48b84c6f8', '{"action":"token_refreshed","actor_id":"2ce470b1-2b5c-4992-9e95-809565b828cc","actor_username":"admin.aurevo@gmail.com","actor_via_sso":false,"log_type":"token"}', '2025-11-13 04:00:41.40254+00', ''),
	('00000000-0000-0000-0000-000000000000', 'ab3d2040-012a-471a-b3f7-5ca11fd89400', '{"action":"token_revoked","actor_id":"2ce470b1-2b5c-4992-9e95-809565b828cc","actor_username":"admin.aurevo@gmail.com","actor_via_sso":false,"log_type":"token"}', '2025-11-13 04:00:41.41523+00', ''),
	('00000000-0000-0000-0000-000000000000', '3ad587bc-b6f6-4d84-82ba-bb16d89f975f', '{"action":"token_refreshed","actor_id":"2ce470b1-2b5c-4992-9e95-809565b828cc","actor_username":"admin.aurevo@gmail.com","actor_via_sso":false,"log_type":"token"}', '2025-11-13 05:28:21.126631+00', ''),
	('00000000-0000-0000-0000-000000000000', '8af977fb-5dae-4596-89f7-86bd9b873a75', '{"action":"token_revoked","actor_id":"2ce470b1-2b5c-4992-9e95-809565b828cc","actor_username":"admin.aurevo@gmail.com","actor_via_sso":false,"log_type":"token"}', '2025-11-13 05:28:21.144109+00', ''),
	('00000000-0000-0000-0000-000000000000', '752b797d-0c8f-497d-8997-ad4acbcd645f', '{"action":"token_refreshed","actor_id":"2ce470b1-2b5c-4992-9e95-809565b828cc","actor_username":"admin.aurevo@gmail.com","actor_via_sso":false,"log_type":"token"}', '2025-11-13 06:43:24.523281+00', ''),
	('00000000-0000-0000-0000-000000000000', '38b60c23-024b-442e-920f-fb9ef5563045', '{"action":"token_revoked","actor_id":"2ce470b1-2b5c-4992-9e95-809565b828cc","actor_username":"admin.aurevo@gmail.com","actor_via_sso":false,"log_type":"token"}', '2025-11-13 06:43:24.536771+00', ''),
	('00000000-0000-0000-0000-000000000000', '179121b2-035f-40ec-8d9f-c7187525623b', '{"action":"token_refreshed","actor_id":"2ce470b1-2b5c-4992-9e95-809565b828cc","actor_username":"admin.aurevo@gmail.com","actor_via_sso":false,"log_type":"token"}', '2025-11-13 08:18:08.429692+00', ''),
	('00000000-0000-0000-0000-000000000000', '43b64007-367d-41c4-a6ed-916c9e65d8f8', '{"action":"token_revoked","actor_id":"2ce470b1-2b5c-4992-9e95-809565b828cc","actor_username":"admin.aurevo@gmail.com","actor_via_sso":false,"log_type":"token"}', '2025-11-13 08:18:08.442941+00', ''),
	('00000000-0000-0000-0000-000000000000', '14ef052e-b8a6-4d58-ad81-cbc80b132eb8', '{"action":"token_refreshed","actor_id":"2ce470b1-2b5c-4992-9e95-809565b828cc","actor_username":"admin.aurevo@gmail.com","actor_via_sso":false,"log_type":"token"}', '2025-11-13 08:18:10.60381+00', ''),
	('00000000-0000-0000-0000-000000000000', '548742b0-d944-431c-bbe7-29fb0c0655c6', '{"action":"token_refreshed","actor_id":"2ce470b1-2b5c-4992-9e95-809565b828cc","actor_username":"admin.aurevo@gmail.com","actor_via_sso":false,"log_type":"token"}', '2025-11-13 09:35:30.289902+00', ''),
	('00000000-0000-0000-0000-000000000000', '00bd5e0b-ac0b-4b82-b213-d2345656681e', '{"action":"token_revoked","actor_id":"2ce470b1-2b5c-4992-9e95-809565b828cc","actor_username":"admin.aurevo@gmail.com","actor_via_sso":false,"log_type":"token"}', '2025-11-13 09:35:30.30788+00', ''),
	('00000000-0000-0000-0000-000000000000', '00b66236-4695-4140-ae04-602d798ebaa3', '{"action":"token_refreshed","actor_id":"2ce470b1-2b5c-4992-9e95-809565b828cc","actor_username":"admin.aurevo@gmail.com","actor_via_sso":false,"log_type":"token"}', '2025-11-13 16:44:04.601782+00', ''),
	('00000000-0000-0000-0000-000000000000', '4b3d0e1b-5c77-41c0-9554-37d1d483cd09', '{"action":"token_revoked","actor_id":"2ce470b1-2b5c-4992-9e95-809565b828cc","actor_username":"admin.aurevo@gmail.com","actor_via_sso":false,"log_type":"token"}', '2025-11-13 16:44:04.615034+00', ''),
	('00000000-0000-0000-0000-000000000000', 'f1128e75-f25e-455f-ab83-bd23960f668f', '{"action":"login","actor_id":"2ce470b1-2b5c-4992-9e95-809565b828cc","actor_username":"admin.aurevo@gmail.com","actor_via_sso":false,"log_type":"account","traits":{"provider":"email"}}', '2025-11-29 16:52:56.506705+00', ''),
	('00000000-0000-0000-0000-000000000000', '81200cf6-48e0-4701-afa0-fe7be7470340', '{"action":"token_refreshed","actor_id":"2ce470b1-2b5c-4992-9e95-809565b828cc","actor_username":"admin.aurevo@gmail.com","actor_via_sso":false,"log_type":"token"}', '2025-11-30 14:03:00.456889+00', ''),
	('00000000-0000-0000-0000-000000000000', '28ddafdd-beef-4a66-baa3-4143cba13af8', '{"action":"token_revoked","actor_id":"2ce470b1-2b5c-4992-9e95-809565b828cc","actor_username":"admin.aurevo@gmail.com","actor_via_sso":false,"log_type":"token"}', '2025-11-30 14:03:00.475659+00', ''),
	('00000000-0000-0000-0000-000000000000', '6e462004-e60d-43c2-a6a8-6bc65084b785', '{"action":"token_refreshed","actor_id":"2ce470b1-2b5c-4992-9e95-809565b828cc","actor_username":"admin.aurevo@gmail.com","actor_via_sso":false,"log_type":"token"}', '2025-11-30 15:01:40.55391+00', ''),
	('00000000-0000-0000-0000-000000000000', '9f434541-ac8c-42d7-a856-898982c65488', '{"action":"token_revoked","actor_id":"2ce470b1-2b5c-4992-9e95-809565b828cc","actor_username":"admin.aurevo@gmail.com","actor_via_sso":false,"log_type":"token"}', '2025-11-30 15:01:40.565968+00', ''),
	('00000000-0000-0000-0000-000000000000', 'e4aeeedc-59a7-41ab-a88c-759519a31981', '{"action":"token_refreshed","actor_id":"2ce470b1-2b5c-4992-9e95-809565b828cc","actor_username":"admin.aurevo@gmail.com","actor_via_sso":false,"log_type":"token"}', '2025-11-30 16:31:25.516399+00', ''),
	('00000000-0000-0000-0000-000000000000', 'b01b4708-a829-4b66-ae20-7f17147fdffe', '{"action":"token_revoked","actor_id":"2ce470b1-2b5c-4992-9e95-809565b828cc","actor_username":"admin.aurevo@gmail.com","actor_via_sso":false,"log_type":"token"}', '2025-11-30 16:31:25.5272+00', ''),
	('00000000-0000-0000-0000-000000000000', '835695b4-5bd3-4e09-96f3-0e07ef2fc028', '{"action":"token_refreshed","actor_id":"2ce470b1-2b5c-4992-9e95-809565b828cc","actor_username":"admin.aurevo@gmail.com","actor_via_sso":false,"log_type":"token"}', '2025-12-01 04:12:15.173616+00', ''),
	('00000000-0000-0000-0000-000000000000', 'ee591eaf-39db-4c14-8b8b-101558e0ee80', '{"action":"token_revoked","actor_id":"2ce470b1-2b5c-4992-9e95-809565b828cc","actor_username":"admin.aurevo@gmail.com","actor_via_sso":false,"log_type":"token"}', '2025-12-01 04:12:15.198535+00', ''),
	('00000000-0000-0000-0000-000000000000', '02584ba3-7d83-4302-87e2-f5e15071f853', '{"action":"token_refreshed","actor_id":"2ce470b1-2b5c-4992-9e95-809565b828cc","actor_username":"admin.aurevo@gmail.com","actor_via_sso":false,"log_type":"token"}', '2025-12-01 05:52:04.842624+00', ''),
	('00000000-0000-0000-0000-000000000000', '18c687d5-66b5-4fab-b4a2-a898f9263a6b', '{"action":"token_revoked","actor_id":"2ce470b1-2b5c-4992-9e95-809565b828cc","actor_username":"admin.aurevo@gmail.com","actor_via_sso":false,"log_type":"token"}', '2025-12-01 05:52:04.856145+00', ''),
	('00000000-0000-0000-0000-000000000000', '644abb4f-b7db-45f7-b988-edad1d00a28d', '{"action":"token_refreshed","actor_id":"2ce470b1-2b5c-4992-9e95-809565b828cc","actor_username":"admin.aurevo@gmail.com","actor_via_sso":false,"log_type":"token"}', '2025-12-01 06:50:57.114778+00', ''),
	('00000000-0000-0000-0000-000000000000', '4590b095-4bf8-434e-b062-6380136689e0', '{"action":"token_revoked","actor_id":"2ce470b1-2b5c-4992-9e95-809565b828cc","actor_username":"admin.aurevo@gmail.com","actor_via_sso":false,"log_type":"token"}', '2025-12-01 06:50:57.123836+00', ''),
	('00000000-0000-0000-0000-000000000000', 'eaf7d713-4e5e-4ee0-aea7-8ff02f7647cf', '{"action":"token_refreshed","actor_id":"2ce470b1-2b5c-4992-9e95-809565b828cc","actor_username":"admin.aurevo@gmail.com","actor_via_sso":false,"log_type":"token"}', '2025-12-01 08:15:49.594439+00', ''),
	('00000000-0000-0000-0000-000000000000', '80e8e1b1-1ac5-4e2e-b6e4-bd0fa0cd2462', '{"action":"token_revoked","actor_id":"2ce470b1-2b5c-4992-9e95-809565b828cc","actor_username":"admin.aurevo@gmail.com","actor_via_sso":false,"log_type":"token"}', '2025-12-01 08:15:49.604426+00', ''),
	('00000000-0000-0000-0000-000000000000', 'd844e3c2-40e5-4481-b4e3-c534fa02629f', '{"action":"token_refreshed","actor_id":"2ce470b1-2b5c-4992-9e95-809565b828cc","actor_username":"admin.aurevo@gmail.com","actor_via_sso":false,"log_type":"token"}', '2025-12-01 11:46:31.068799+00', ''),
	('00000000-0000-0000-0000-000000000000', '1169dba6-c485-4592-ae36-9c15ec83c81a', '{"action":"token_revoked","actor_id":"2ce470b1-2b5c-4992-9e95-809565b828cc","actor_username":"admin.aurevo@gmail.com","actor_via_sso":false,"log_type":"token"}', '2025-12-01 11:46:31.085413+00', ''),
	('00000000-0000-0000-0000-000000000000', 'a4afd750-b385-42d0-87e0-db75409ba3a1', '{"action":"token_refreshed","actor_id":"2ce470b1-2b5c-4992-9e95-809565b828cc","actor_username":"admin.aurevo@gmail.com","actor_via_sso":false,"log_type":"token"}', '2025-12-01 15:36:36.873975+00', ''),
	('00000000-0000-0000-0000-000000000000', '2a8a93bd-5caa-429f-b46f-8d15574f11f3', '{"action":"token_revoked","actor_id":"2ce470b1-2b5c-4992-9e95-809565b828cc","actor_username":"admin.aurevo@gmail.com","actor_via_sso":false,"log_type":"token"}', '2025-12-01 15:36:36.883+00', ''),
	('00000000-0000-0000-0000-000000000000', '67c5617f-8961-4486-9779-ece0d7ab4e79', '{"action":"token_refreshed","actor_id":"2ce470b1-2b5c-4992-9e95-809565b828cc","actor_username":"admin.aurevo@gmail.com","actor_via_sso":false,"log_type":"token"}', '2025-12-01 17:10:38.378452+00', ''),
	('00000000-0000-0000-0000-000000000000', '05aaf3d5-ac22-4288-bf20-2277ddcf885c', '{"action":"token_revoked","actor_id":"2ce470b1-2b5c-4992-9e95-809565b828cc","actor_username":"admin.aurevo@gmail.com","actor_via_sso":false,"log_type":"token"}', '2025-12-01 17:10:38.397787+00', ''),
	('00000000-0000-0000-0000-000000000000', '12b6e9a4-75d2-4da4-9ca3-151e36d6fe98', '{"action":"token_refreshed","actor_id":"2ce470b1-2b5c-4992-9e95-809565b828cc","actor_username":"admin.aurevo@gmail.com","actor_via_sso":false,"log_type":"token"}', '2025-12-01 18:08:54.573509+00', ''),
	('00000000-0000-0000-0000-000000000000', '320311a6-3097-4657-b5a4-394c85420a64', '{"action":"token_revoked","actor_id":"2ce470b1-2b5c-4992-9e95-809565b828cc","actor_username":"admin.aurevo@gmail.com","actor_via_sso":false,"log_type":"token"}', '2025-12-01 18:08:54.585468+00', ''),
	('00000000-0000-0000-0000-000000000000', '1c17f3ee-911a-463e-91c4-45f1dc3d9e8c', '{"action":"token_refreshed","actor_id":"2ce470b1-2b5c-4992-9e95-809565b828cc","actor_username":"admin.aurevo@gmail.com","actor_via_sso":false,"log_type":"token"}', '2025-12-02 04:08:21.769294+00', ''),
	('00000000-0000-0000-0000-000000000000', '212363c4-7945-4fe8-bc26-fd53178a7472', '{"action":"token_revoked","actor_id":"2ce470b1-2b5c-4992-9e95-809565b828cc","actor_username":"admin.aurevo@gmail.com","actor_via_sso":false,"log_type":"token"}', '2025-12-02 04:08:21.792202+00', ''),
	('00000000-0000-0000-0000-000000000000', 'd3978f29-532a-493b-ba61-039353273dea', '{"action":"token_refreshed","actor_id":"2ce470b1-2b5c-4992-9e95-809565b828cc","actor_username":"admin.aurevo@gmail.com","actor_via_sso":false,"log_type":"token"}', '2025-12-02 05:09:36.941086+00', ''),
	('00000000-0000-0000-0000-000000000000', '536859cb-7ffc-4926-ac83-3f311128746a', '{"action":"token_revoked","actor_id":"2ce470b1-2b5c-4992-9e95-809565b828cc","actor_username":"admin.aurevo@gmail.com","actor_via_sso":false,"log_type":"token"}', '2025-12-02 05:09:36.957658+00', ''),
	('00000000-0000-0000-0000-000000000000', 'd05d6ee7-2769-4e99-bdb5-eacc8b4c45dd', '{"action":"token_refreshed","actor_id":"2ce470b1-2b5c-4992-9e95-809565b828cc","actor_username":"admin.aurevo@gmail.com","actor_via_sso":false,"log_type":"token"}', '2025-12-02 06:08:29.45225+00', ''),
	('00000000-0000-0000-0000-000000000000', '8a58f7cc-afb7-4b0e-afd1-1e39c077cbab', '{"action":"token_revoked","actor_id":"2ce470b1-2b5c-4992-9e95-809565b828cc","actor_username":"admin.aurevo@gmail.com","actor_via_sso":false,"log_type":"token"}', '2025-12-02 06:08:29.464505+00', ''),
	('00000000-0000-0000-0000-000000000000', 'b1e18798-2850-4ac6-ab67-37d46eb68f7c', '{"action":"token_refreshed","actor_id":"2ce470b1-2b5c-4992-9e95-809565b828cc","actor_username":"admin.aurevo@gmail.com","actor_via_sso":false,"log_type":"token"}', '2025-12-02 07:07:41.835246+00', ''),
	('00000000-0000-0000-0000-000000000000', 'ba00e1ff-bd84-42c8-aab2-3f56f5e4da91', '{"action":"token_revoked","actor_id":"2ce470b1-2b5c-4992-9e95-809565b828cc","actor_username":"admin.aurevo@gmail.com","actor_via_sso":false,"log_type":"token"}', '2025-12-02 07:07:41.848582+00', ''),
	('00000000-0000-0000-0000-000000000000', '0ea478bd-6ab9-4cf9-96ef-15bf7db9c4e7', '{"action":"token_refreshed","actor_id":"2ce470b1-2b5c-4992-9e95-809565b828cc","actor_username":"admin.aurevo@gmail.com","actor_via_sso":false,"log_type":"token"}', '2025-12-02 08:06:17.115968+00', ''),
	('00000000-0000-0000-0000-000000000000', 'ad3cfc5a-1b54-46b1-9594-34b4edf3087e', '{"action":"token_revoked","actor_id":"2ce470b1-2b5c-4992-9e95-809565b828cc","actor_username":"admin.aurevo@gmail.com","actor_via_sso":false,"log_type":"token"}', '2025-12-02 08:06:17.138529+00', ''),
	('00000000-0000-0000-0000-000000000000', 'f6e3c5db-d32b-4fa4-9c41-ff8f0f54eedc', '{"action":"token_refreshed","actor_id":"2ce470b1-2b5c-4992-9e95-809565b828cc","actor_username":"admin.aurevo@gmail.com","actor_via_sso":false,"log_type":"token"}', '2025-12-02 09:25:02.0783+00', ''),
	('00000000-0000-0000-0000-000000000000', '2080a7d5-bfe1-4b42-82a1-69a10324627c', '{"action":"token_revoked","actor_id":"2ce470b1-2b5c-4992-9e95-809565b828cc","actor_username":"admin.aurevo@gmail.com","actor_via_sso":false,"log_type":"token"}', '2025-12-02 09:25:02.091612+00', ''),
	('00000000-0000-0000-0000-000000000000', 'c88d63d2-c865-49f9-9231-82c005355a28', '{"action":"token_refreshed","actor_id":"2ce470b1-2b5c-4992-9e95-809565b828cc","actor_username":"admin.aurevo@gmail.com","actor_via_sso":false,"log_type":"token"}', '2025-12-02 10:35:42.346847+00', ''),
	('00000000-0000-0000-0000-000000000000', 'a72cbc60-8372-41c4-892d-95e907461fa8', '{"action":"token_revoked","actor_id":"2ce470b1-2b5c-4992-9e95-809565b828cc","actor_username":"admin.aurevo@gmail.com","actor_via_sso":false,"log_type":"token"}', '2025-12-02 10:35:42.358667+00', ''),
	('00000000-0000-0000-0000-000000000000', '2d075d5c-2d1d-4439-8406-c2d05892eb85', '{"action":"token_refreshed","actor_id":"2ce470b1-2b5c-4992-9e95-809565b828cc","actor_username":"admin.aurevo@gmail.com","actor_via_sso":false,"log_type":"token"}', '2025-12-02 12:08:25.338302+00', ''),
	('00000000-0000-0000-0000-000000000000', '17eb827d-7290-49af-bb0e-e70ee6a72b4a', '{"action":"token_revoked","actor_id":"2ce470b1-2b5c-4992-9e95-809565b828cc","actor_username":"admin.aurevo@gmail.com","actor_via_sso":false,"log_type":"token"}', '2025-12-02 12:08:25.351027+00', ''),
	('00000000-0000-0000-0000-000000000000', 'b96174a8-c872-4c88-b786-e2acbc607d3b', '{"action":"token_refreshed","actor_id":"2ce470b1-2b5c-4992-9e95-809565b828cc","actor_username":"admin.aurevo@gmail.com","actor_via_sso":false,"log_type":"token"}', '2025-12-02 15:58:12.676739+00', ''),
	('00000000-0000-0000-0000-000000000000', 'e5b45de2-55f5-4a22-839b-58de59bb3a41', '{"action":"token_revoked","actor_id":"2ce470b1-2b5c-4992-9e95-809565b828cc","actor_username":"admin.aurevo@gmail.com","actor_via_sso":false,"log_type":"token"}', '2025-12-02 15:58:12.693018+00', ''),
	('00000000-0000-0000-0000-000000000000', '9aa65944-fc2a-4d32-aff1-3ef1db7527b1', '{"action":"token_refreshed","actor_id":"2ce470b1-2b5c-4992-9e95-809565b828cc","actor_username":"admin.aurevo@gmail.com","actor_via_sso":false,"log_type":"token"}', '2025-12-03 04:42:17.616051+00', ''),
	('00000000-0000-0000-0000-000000000000', '330c44e0-99f1-44fe-939c-4b9fa8064b85', '{"action":"token_revoked","actor_id":"2ce470b1-2b5c-4992-9e95-809565b828cc","actor_username":"admin.aurevo@gmail.com","actor_via_sso":false,"log_type":"token"}', '2025-12-03 04:42:17.635058+00', ''),
	('00000000-0000-0000-0000-000000000000', '9f9d0026-1f70-4ee6-9e36-4d1e307b1ff2', '{"action":"token_refreshed","actor_id":"2ce470b1-2b5c-4992-9e95-809565b828cc","actor_username":"admin.aurevo@gmail.com","actor_via_sso":false,"log_type":"token"}', '2025-12-03 07:37:16.022042+00', ''),
	('00000000-0000-0000-0000-000000000000', 'bfe3730a-3568-4649-94f6-56cce65e1e20', '{"action":"token_revoked","actor_id":"2ce470b1-2b5c-4992-9e95-809565b828cc","actor_username":"admin.aurevo@gmail.com","actor_via_sso":false,"log_type":"token"}', '2025-12-03 07:37:16.037082+00', ''),
	('00000000-0000-0000-0000-000000000000', '24512435-82c9-42a5-863a-2ab89a011139', '{"action":"token_refreshed","actor_id":"2ce470b1-2b5c-4992-9e95-809565b828cc","actor_username":"admin.aurevo@gmail.com","actor_via_sso":false,"log_type":"token"}', '2025-12-03 13:10:42.910684+00', ''),
	('00000000-0000-0000-0000-000000000000', 'ef8f7c3c-e794-4135-b9fc-62aba007821b', '{"action":"token_revoked","actor_id":"2ce470b1-2b5c-4992-9e95-809565b828cc","actor_username":"admin.aurevo@gmail.com","actor_via_sso":false,"log_type":"token"}', '2025-12-03 13:10:42.921468+00', ''),
	('00000000-0000-0000-0000-000000000000', 'a951469d-0ed5-44b4-8a16-b5185deaafca', '{"action":"token_refreshed","actor_id":"2ce470b1-2b5c-4992-9e95-809565b828cc","actor_username":"admin.aurevo@gmail.com","actor_via_sso":false,"log_type":"token"}', '2025-12-03 14:25:21.664508+00', ''),
	('00000000-0000-0000-0000-000000000000', 'e0cdd1d3-a0fa-4998-a399-0c7c4709cf5d', '{"action":"token_revoked","actor_id":"2ce470b1-2b5c-4992-9e95-809565b828cc","actor_username":"admin.aurevo@gmail.com","actor_via_sso":false,"log_type":"token"}', '2025-12-03 14:25:21.676092+00', ''),
	('00000000-0000-0000-0000-000000000000', '29d48f8c-40d2-4979-9a98-5928a0a33fc7', '{"action":"token_refreshed","actor_id":"2ce470b1-2b5c-4992-9e95-809565b828cc","actor_username":"admin.aurevo@gmail.com","actor_via_sso":false,"log_type":"token"}', '2025-12-03 16:02:49.769786+00', ''),
	('00000000-0000-0000-0000-000000000000', '92138643-50a7-4c30-9622-09c1697ea35c', '{"action":"token_revoked","actor_id":"2ce470b1-2b5c-4992-9e95-809565b828cc","actor_username":"admin.aurevo@gmail.com","actor_via_sso":false,"log_type":"token"}', '2025-12-03 16:02:49.780117+00', ''),
	('00000000-0000-0000-0000-000000000000', 'eab6fc3d-b9a8-4f88-b8d7-11462cb165a0', '{"action":"token_refreshed","actor_id":"2ce470b1-2b5c-4992-9e95-809565b828cc","actor_username":"admin.aurevo@gmail.com","actor_via_sso":false,"log_type":"token"}', '2025-12-07 12:52:32.041307+00', ''),
	('00000000-0000-0000-0000-000000000000', '71c562e3-d5bd-421f-a381-dbd00765dc12', '{"action":"token_revoked","actor_id":"2ce470b1-2b5c-4992-9e95-809565b828cc","actor_username":"admin.aurevo@gmail.com","actor_via_sso":false,"log_type":"token"}', '2025-12-07 12:52:32.052274+00', ''),
	('00000000-0000-0000-0000-000000000000', '97647895-54e0-4311-a92c-22614b4ea5b0', '{"action":"token_refreshed","actor_id":"2ce470b1-2b5c-4992-9e95-809565b828cc","actor_username":"admin.aurevo@gmail.com","actor_via_sso":false,"log_type":"token"}', '2025-12-07 13:51:00.868158+00', ''),
	('00000000-0000-0000-0000-000000000000', 'b19cdd91-2e64-48f8-aaa0-02ff8ab73e9a', '{"action":"token_revoked","actor_id":"2ce470b1-2b5c-4992-9e95-809565b828cc","actor_username":"admin.aurevo@gmail.com","actor_via_sso":false,"log_type":"token"}', '2025-12-07 13:51:00.88203+00', ''),
	('00000000-0000-0000-0000-000000000000', '03053eb8-c213-4d5f-8ac6-af3733e9808c', '{"action":"token_refreshed","actor_id":"2ce470b1-2b5c-4992-9e95-809565b828cc","actor_username":"admin.aurevo@gmail.com","actor_via_sso":false,"log_type":"token"}', '2025-12-07 14:49:14.863774+00', ''),
	('00000000-0000-0000-0000-000000000000', '37a5edd2-8b90-4cb5-85ed-645baf2b6585', '{"action":"token_revoked","actor_id":"2ce470b1-2b5c-4992-9e95-809565b828cc","actor_username":"admin.aurevo@gmail.com","actor_via_sso":false,"log_type":"token"}', '2025-12-07 14:49:14.882485+00', ''),
	('00000000-0000-0000-0000-000000000000', 'b0110c0c-9db1-457f-82f8-c85ed678f19c', '{"action":"token_refreshed","actor_id":"2ce470b1-2b5c-4992-9e95-809565b828cc","actor_username":"admin.aurevo@gmail.com","actor_via_sso":false,"log_type":"token"}', '2025-12-07 15:47:19.897284+00', ''),
	('00000000-0000-0000-0000-000000000000', 'bcd1a474-f5a6-40ec-8c52-2a0831ae1ed3', '{"action":"token_revoked","actor_id":"2ce470b1-2b5c-4992-9e95-809565b828cc","actor_username":"admin.aurevo@gmail.com","actor_via_sso":false,"log_type":"token"}', '2025-12-07 15:47:19.908614+00', ''),
	('00000000-0000-0000-0000-000000000000', '97aa8eba-d002-4b07-8b98-cf10c651de27', '{"action":"token_refreshed","actor_id":"2ce470b1-2b5c-4992-9e95-809565b828cc","actor_username":"admin.aurevo@gmail.com","actor_via_sso":false,"log_type":"token"}', '2025-12-07 16:46:17.07308+00', ''),
	('00000000-0000-0000-0000-000000000000', '34692b75-14a5-4b63-ae50-e8620d838f46', '{"action":"token_revoked","actor_id":"2ce470b1-2b5c-4992-9e95-809565b828cc","actor_username":"admin.aurevo@gmail.com","actor_via_sso":false,"log_type":"token"}', '2025-12-07 16:46:17.084369+00', ''),
	('00000000-0000-0000-0000-000000000000', '939804b0-332a-4162-81de-7252e571c320', '{"action":"token_refreshed","actor_id":"2ce470b1-2b5c-4992-9e95-809565b828cc","actor_username":"admin.aurevo@gmail.com","actor_via_sso":false,"log_type":"token"}', '2025-12-07 17:46:22.184327+00', ''),
	('00000000-0000-0000-0000-000000000000', '563dcd13-048a-43c1-80be-434e70fc97bc', '{"action":"token_revoked","actor_id":"2ce470b1-2b5c-4992-9e95-809565b828cc","actor_username":"admin.aurevo@gmail.com","actor_via_sso":false,"log_type":"token"}', '2025-12-07 17:46:22.199794+00', ''),
	('00000000-0000-0000-0000-000000000000', 'ced802f5-111d-4d62-b9af-0bc30e1e1514', '{"action":"token_refreshed","actor_id":"2ce470b1-2b5c-4992-9e95-809565b828cc","actor_username":"admin.aurevo@gmail.com","actor_via_sso":false,"log_type":"token"}', '2025-12-08 03:35:56.132915+00', ''),
	('00000000-0000-0000-0000-000000000000', 'a90f809b-2be2-4668-9fec-a238c8b49fdb', '{"action":"token_revoked","actor_id":"2ce470b1-2b5c-4992-9e95-809565b828cc","actor_username":"admin.aurevo@gmail.com","actor_via_sso":false,"log_type":"token"}', '2025-12-08 03:35:56.153472+00', ''),
	('00000000-0000-0000-0000-000000000000', '471d78ef-1537-4fd3-bace-befd82637b3d', '{"action":"logout","actor_id":"2ce470b1-2b5c-4992-9e95-809565b828cc","actor_username":"admin.aurevo@gmail.com","actor_via_sso":false,"log_type":"account"}', '2025-12-08 04:23:29.87751+00', ''),
	('00000000-0000-0000-0000-000000000000', '4512639f-c95c-43e5-8d0f-4e95f01ce856', '{"action":"login","actor_id":"2ce470b1-2b5c-4992-9e95-809565b828cc","actor_username":"admin.aurevo@gmail.com","actor_via_sso":false,"log_type":"account","traits":{"provider":"email"}}', '2026-04-30 14:45:29.675663+00', ''),
	('00000000-0000-0000-0000-000000000000', '5f3fb78c-eb42-48d3-82ec-5ca5803e612e', '{"action":"token_refreshed","actor_id":"2ce470b1-2b5c-4992-9e95-809565b828cc","actor_username":"admin.aurevo@gmail.com","actor_via_sso":false,"log_type":"token"}', '2026-04-30 16:04:23.419906+00', ''),
	('00000000-0000-0000-0000-000000000000', '5e2e6e7c-868e-4fa2-b8e5-39f176d860ce', '{"action":"token_revoked","actor_id":"2ce470b1-2b5c-4992-9e95-809565b828cc","actor_username":"admin.aurevo@gmail.com","actor_via_sso":false,"log_type":"token"}', '2026-04-30 16:04:23.438861+00', ''),
	('00000000-0000-0000-0000-000000000000', 'e9d6b36b-6e83-4954-9c87-b8d0cf92240f', '{"action":"token_refreshed","actor_id":"2ce470b1-2b5c-4992-9e95-809565b828cc","actor_username":"admin.aurevo@gmail.com","actor_via_sso":false,"log_type":"token"}', '2026-04-30 17:13:22.937629+00', ''),
	('00000000-0000-0000-0000-000000000000', '23e7f9c5-e2b6-4aca-938a-017520a4e073', '{"action":"token_revoked","actor_id":"2ce470b1-2b5c-4992-9e95-809565b828cc","actor_username":"admin.aurevo@gmail.com","actor_via_sso":false,"log_type":"token"}', '2026-04-30 17:13:22.952789+00', ''),
	('00000000-0000-0000-0000-000000000000', '87f06f83-be22-477f-a402-730b7faa9a16', '{"action":"token_refreshed","actor_id":"2ce470b1-2b5c-4992-9e95-809565b828cc","actor_username":"admin.aurevo@gmail.com","actor_via_sso":false,"log_type":"token"}', '2026-04-30 18:11:48.594653+00', ''),
	('00000000-0000-0000-0000-000000000000', 'c937ffec-1a77-42a5-a43d-02433bef11aa', '{"action":"token_revoked","actor_id":"2ce470b1-2b5c-4992-9e95-809565b828cc","actor_username":"admin.aurevo@gmail.com","actor_via_sso":false,"log_type":"token"}', '2026-04-30 18:11:48.609738+00', ''),
	('00000000-0000-0000-0000-000000000000', '66036db6-7df0-4906-b94b-196903a72bb9', '{"action":"token_refreshed","actor_id":"2ce470b1-2b5c-4992-9e95-809565b828cc","actor_username":"admin.aurevo@gmail.com","actor_via_sso":false,"log_type":"token"}', '2026-04-30 19:10:22.010077+00', ''),
	('00000000-0000-0000-0000-000000000000', 'd50f0eb6-45a9-4070-ace2-c94b5351edec', '{"action":"token_revoked","actor_id":"2ce470b1-2b5c-4992-9e95-809565b828cc","actor_username":"admin.aurevo@gmail.com","actor_via_sso":false,"log_type":"token"}', '2026-04-30 19:10:22.019802+00', ''),
	('00000000-0000-0000-0000-000000000000', '42f5999a-ab20-4b52-9ce3-c465b5de1971', '{"action":"token_refreshed","actor_id":"2ce470b1-2b5c-4992-9e95-809565b828cc","actor_username":"admin.aurevo@gmail.com","actor_via_sso":false,"log_type":"token"}', '2026-04-30 19:10:25.253694+00', ''),
	('00000000-0000-0000-0000-000000000000', 'e008a82d-b80d-4248-85a0-8541a7b1f65d', '{"action":"token_refreshed","actor_id":"2ce470b1-2b5c-4992-9e95-809565b828cc","actor_username":"admin.aurevo@gmail.com","actor_via_sso":false,"log_type":"token"}', '2026-05-01 14:10:30.247572+00', ''),
	('00000000-0000-0000-0000-000000000000', 'f38f695b-5933-4e85-91ee-eb3ff45891e1', '{"action":"token_revoked","actor_id":"2ce470b1-2b5c-4992-9e95-809565b828cc","actor_username":"admin.aurevo@gmail.com","actor_via_sso":false,"log_type":"token"}', '2026-05-01 14:10:30.262114+00', ''),
	('00000000-0000-0000-0000-000000000000', 'bcdb692c-e646-4496-bb10-1d2141e36f06', '{"action":"login","actor_id":"2ce470b1-2b5c-4992-9e95-809565b828cc","actor_username":"admin.aurevo@gmail.com","actor_via_sso":false,"log_type":"account","traits":{"provider":"email"}}', '2026-05-01 14:45:00.032199+00', ''),
	('00000000-0000-0000-0000-000000000000', '5c6b753a-2ead-4ad3-8ad7-06aecb9d7107', '{"action":"token_refreshed","actor_id":"2ce470b1-2b5c-4992-9e95-809565b828cc","actor_username":"admin.aurevo@gmail.com","actor_via_sso":false,"log_type":"token"}', '2026-05-01 15:08:31.204872+00', ''),
	('00000000-0000-0000-0000-000000000000', '3198ad76-a0c5-4f2c-a35e-a29ee4e58421', '{"action":"token_revoked","actor_id":"2ce470b1-2b5c-4992-9e95-809565b828cc","actor_username":"admin.aurevo@gmail.com","actor_via_sso":false,"log_type":"token"}', '2026-05-01 15:08:31.214101+00', ''),
	('00000000-0000-0000-0000-000000000000', '6d24b918-c6c7-4130-9672-528320b30596', '{"action":"logout","actor_id":"2ce470b1-2b5c-4992-9e95-809565b828cc","actor_username":"admin.aurevo@gmail.com","actor_via_sso":false,"log_type":"account"}', '2026-05-01 16:05:14.488859+00', ''),
	('00000000-0000-0000-0000-000000000000', '87037beb-e644-4ff9-9187-01ae084c2139', '{"action":"login","actor_id":"2ce470b1-2b5c-4992-9e95-809565b828cc","actor_username":"admin.aurevo@gmail.com","actor_via_sso":false,"log_type":"account","traits":{"provider":"email"}}', '2026-05-01 16:06:22.192841+00', ''),
	('00000000-0000-0000-0000-000000000000', 'e2571382-1f8d-4be3-9ad1-f143b462b3aa', '{"action":"login","actor_id":"2ce470b1-2b5c-4992-9e95-809565b828cc","actor_username":"admin.aurevo@gmail.com","actor_via_sso":false,"log_type":"account","traits":{"provider":"email"}}', '2026-05-01 16:06:58.305011+00', ''),
	('00000000-0000-0000-0000-000000000000', '27a8877c-248e-432f-a952-360f0598e2b6', '{"action":"login","actor_id":"2ce470b1-2b5c-4992-9e95-809565b828cc","actor_username":"admin.aurevo@gmail.com","actor_via_sso":false,"log_type":"account","traits":{"provider":"email"}}', '2026-05-01 16:20:58.011405+00', ''),
	('00000000-0000-0000-0000-000000000000', '6fbc0155-bd10-4314-ba6d-bb745c681945', '{"action":"token_refreshed","actor_id":"2ce470b1-2b5c-4992-9e95-809565b828cc","actor_username":"admin.aurevo@gmail.com","actor_via_sso":false,"log_type":"token"}', '2026-05-01 17:04:47.734316+00', ''),
	('00000000-0000-0000-0000-000000000000', '43ce527f-0249-4a21-8339-d45a01ba62b1', '{"action":"token_revoked","actor_id":"2ce470b1-2b5c-4992-9e95-809565b828cc","actor_username":"admin.aurevo@gmail.com","actor_via_sso":false,"log_type":"token"}', '2026-05-01 17:04:47.747268+00', ''),
	('00000000-0000-0000-0000-000000000000', '22d9de28-d0e7-4764-a57b-19f8a1a816d0', '{"action":"token_refreshed","actor_id":"2ce470b1-2b5c-4992-9e95-809565b828cc","actor_username":"admin.aurevo@gmail.com","actor_via_sso":false,"log_type":"token"}', '2026-05-01 17:05:08.850597+00', ''),
	('00000000-0000-0000-0000-000000000000', 'e1d6d778-3e94-4d48-be45-6c722d82b68c', '{"action":"token_revoked","actor_id":"2ce470b1-2b5c-4992-9e95-809565b828cc","actor_username":"admin.aurevo@gmail.com","actor_via_sso":false,"log_type":"token"}', '2026-05-01 17:05:08.853035+00', ''),
	('00000000-0000-0000-0000-000000000000', '9476cfcd-8f43-4212-a1f8-d0345716604c', '{"action":"token_refreshed","actor_id":"2ce470b1-2b5c-4992-9e95-809565b828cc","actor_username":"admin.aurevo@gmail.com","actor_via_sso":false,"log_type":"token"}', '2026-05-01 18:11:58.656971+00', ''),
	('00000000-0000-0000-0000-000000000000', '77780268-4632-4f73-9c4e-477c851a986f', '{"action":"token_revoked","actor_id":"2ce470b1-2b5c-4992-9e95-809565b828cc","actor_username":"admin.aurevo@gmail.com","actor_via_sso":false,"log_type":"token"}', '2026-05-01 18:11:58.675147+00', ''),
	('00000000-0000-0000-0000-000000000000', 'b07d5246-2e12-4d23-93cb-1c53e5f8c4d3', '{"action":"token_refreshed","actor_id":"2ce470b1-2b5c-4992-9e95-809565b828cc","actor_username":"admin.aurevo@gmail.com","actor_via_sso":false,"log_type":"token"}', '2026-05-01 18:42:15.64127+00', ''),
	('00000000-0000-0000-0000-000000000000', 'b910f365-9424-4285-a1b1-8ed77f0e3e31', '{"action":"token_revoked","actor_id":"2ce470b1-2b5c-4992-9e95-809565b828cc","actor_username":"admin.aurevo@gmail.com","actor_via_sso":false,"log_type":"token"}', '2026-05-01 18:42:15.652664+00', ''),
	('00000000-0000-0000-0000-000000000000', '05991274-054f-4440-8c36-3f1b21dbd69e', '{"action":"token_refreshed","actor_id":"2ce470b1-2b5c-4992-9e95-809565b828cc","actor_username":"admin.aurevo@gmail.com","actor_via_sso":false,"log_type":"token"}', '2026-05-01 19:18:51.9293+00', ''),
	('00000000-0000-0000-0000-000000000000', 'd874f1cb-82f5-406e-89b3-192a4a98ba2a', '{"action":"token_revoked","actor_id":"2ce470b1-2b5c-4992-9e95-809565b828cc","actor_username":"admin.aurevo@gmail.com","actor_via_sso":false,"log_type":"token"}', '2026-05-01 19:18:51.945178+00', ''),
	('00000000-0000-0000-0000-000000000000', '5b4d380d-9cf8-4a50-9532-7d9e02e62d7d', '{"action":"token_refreshed","actor_id":"2ce470b1-2b5c-4992-9e95-809565b828cc","actor_username":"admin.aurevo@gmail.com","actor_via_sso":false,"log_type":"token"}', '2026-05-04 14:29:51.781119+00', ''),
	('00000000-0000-0000-0000-000000000000', '4f24e9c6-fa30-49fe-ad4e-abc4a3968a5f', '{"action":"token_revoked","actor_id":"2ce470b1-2b5c-4992-9e95-809565b828cc","actor_username":"admin.aurevo@gmail.com","actor_via_sso":false,"log_type":"token"}', '2026-05-04 14:29:51.797097+00', ''),
	('00000000-0000-0000-0000-000000000000', 'b72f59ac-b64a-4b6d-8b67-022ccb1e5219', '{"action":"token_refreshed","actor_id":"2ce470b1-2b5c-4992-9e95-809565b828cc","actor_username":"admin.aurevo@gmail.com","actor_via_sso":false,"log_type":"token"}', '2026-05-04 15:28:25.210509+00', ''),
	('00000000-0000-0000-0000-000000000000', '71221c18-cd5f-4b79-83ba-58a9e736bd5e', '{"action":"token_revoked","actor_id":"2ce470b1-2b5c-4992-9e95-809565b828cc","actor_username":"admin.aurevo@gmail.com","actor_via_sso":false,"log_type":"token"}', '2026-05-04 15:28:25.230492+00', ''),
	('00000000-0000-0000-0000-000000000000', 'fb0b4f9d-3d34-465b-aceb-9e7feffe2516', '{"action":"token_refreshed","actor_id":"2ce470b1-2b5c-4992-9e95-809565b828cc","actor_username":"admin.aurevo@gmail.com","actor_via_sso":false,"log_type":"token"}', '2026-05-04 16:07:41.865265+00', ''),
	('00000000-0000-0000-0000-000000000000', '40d0f2ef-2bfe-4bf1-8b21-4ae68c2df293', '{"action":"token_revoked","actor_id":"2ce470b1-2b5c-4992-9e95-809565b828cc","actor_username":"admin.aurevo@gmail.com","actor_via_sso":false,"log_type":"token"}', '2026-05-04 16:07:41.879705+00', ''),
	('00000000-0000-0000-0000-000000000000', 'fbfa8696-515b-4a78-b9f0-770582ce6c55', '{"action":"logout","actor_id":"2ce470b1-2b5c-4992-9e95-809565b828cc","actor_username":"admin.aurevo@gmail.com","actor_via_sso":false,"log_type":"account"}', '2026-05-04 16:25:04.453323+00', ''),
	('00000000-0000-0000-0000-000000000000', 'bb4bc1f9-d7bb-46ae-b759-98a48cf16df8', '{"action":"login","actor_id":"2ce470b1-2b5c-4992-9e95-809565b828cc","actor_username":"admin.aurevo@gmail.com","actor_via_sso":false,"log_type":"account","traits":{"provider":"email"}}', '2026-05-04 16:35:58.610053+00', ''),
	('00000000-0000-0000-0000-000000000000', 'fea4cc9b-e2b5-4dc1-a6aa-be7cb2a9dd65', '{"action":"token_refreshed","actor_id":"2ce470b1-2b5c-4992-9e95-809565b828cc","actor_username":"admin.aurevo@gmail.com","actor_via_sso":false,"log_type":"token"}', '2026-05-04 17:43:11.309494+00', ''),
	('00000000-0000-0000-0000-000000000000', 'a125cae2-2b2b-4f64-93e7-ca31d8e51283', '{"action":"token_revoked","actor_id":"2ce470b1-2b5c-4992-9e95-809565b828cc","actor_username":"admin.aurevo@gmail.com","actor_via_sso":false,"log_type":"token"}', '2026-05-04 17:43:11.316249+00', ''),
	('00000000-0000-0000-0000-000000000000', '29a00330-f35f-4d17-b6e5-68c279c35e7a', '{"action":"token_refreshed","actor_id":"2ce470b1-2b5c-4992-9e95-809565b828cc","actor_username":"admin.aurevo@gmail.com","actor_via_sso":false,"log_type":"token"}', '2026-05-12 13:45:52.274032+00', ''),
	('00000000-0000-0000-0000-000000000000', '3be53b1d-ddda-4502-a674-bad0c2c967d3', '{"action":"token_revoked","actor_id":"2ce470b1-2b5c-4992-9e95-809565b828cc","actor_username":"admin.aurevo@gmail.com","actor_via_sso":false,"log_type":"token"}', '2026-05-12 13:45:52.283136+00', ''),
	('00000000-0000-0000-0000-000000000000', '2005071a-e39a-45af-a4c2-15ac3e7ff24f', '{"action":"token_refreshed","actor_id":"2ce470b1-2b5c-4992-9e95-809565b828cc","actor_username":"admin.aurevo@gmail.com","actor_via_sso":false,"log_type":"token"}', '2026-05-12 15:07:34.137568+00', ''),
	('00000000-0000-0000-0000-000000000000', '9d48c1fe-3491-4330-af5d-c2ab2f2c8a6b', '{"action":"token_revoked","actor_id":"2ce470b1-2b5c-4992-9e95-809565b828cc","actor_username":"admin.aurevo@gmail.com","actor_via_sso":false,"log_type":"token"}', '2026-05-12 15:07:34.150735+00', ''),
	('00000000-0000-0000-0000-000000000000', '51f08aac-ec45-41e3-8029-03686356c17e', '{"action":"logout","actor_id":"2ce470b1-2b5c-4992-9e95-809565b828cc","actor_username":"admin.aurevo@gmail.com","actor_via_sso":false,"log_type":"account"}', '2026-05-12 15:07:41.59156+00', ''),
	('00000000-0000-0000-0000-000000000000', '99813632-318e-4866-a883-963251287aec', '{"action":"login","actor_id":"9c4337df-7bb1-4c01-ba8c-77bcd0bddf4c","actor_name":"Nurul Alam","actor_username":"","actor_via_sso":false,"log_type":"account","traits":{"provider":"facebook"}}', '2026-05-12 16:11:40.027931+00', ''),
	('00000000-0000-0000-0000-000000000000', '58a51fb0-c407-4489-a097-c7134502e960', '{"action":"logout","actor_id":"9c4337df-7bb1-4c01-ba8c-77bcd0bddf4c","actor_name":"Nurul Alam","actor_username":"","actor_via_sso":false,"log_type":"account"}', '2026-05-12 16:12:13.372517+00', ''),
	('00000000-0000-0000-0000-000000000000', '378e0c18-81b9-487b-85f4-5c9ae55a8277', '{"action":"login","actor_id":"9c4337df-7bb1-4c01-ba8c-77bcd0bddf4c","actor_name":"Nurul Alam","actor_username":"","actor_via_sso":false,"log_type":"account","traits":{"provider":"facebook"}}', '2026-05-12 16:12:33.432496+00', ''),
	('00000000-0000-0000-0000-000000000000', '6623994d-9614-42f1-86d6-f8c8ecd414f1', '{"action":"logout","actor_id":"9c4337df-7bb1-4c01-ba8c-77bcd0bddf4c","actor_name":"Nurul Alam","actor_username":"","actor_via_sso":false,"log_type":"account"}', '2026-05-12 16:12:42.113855+00', ''),
	('00000000-0000-0000-0000-000000000000', 'b55383ce-2d54-4764-8b20-a6db74b8bb6c', '{"action":"login","actor_id":"9c4337df-7bb1-4c01-ba8c-77bcd0bddf4c","actor_name":"Nurul Alam","actor_username":"","actor_via_sso":false,"log_type":"account","traits":{"provider":"facebook"}}', '2026-05-12 16:13:12.785116+00', ''),
	('00000000-0000-0000-0000-000000000000', '47bbcf23-ed7d-4f2e-87b6-38fd0d33e021', '{"action":"logout","actor_id":"9c4337df-7bb1-4c01-ba8c-77bcd0bddf4c","actor_name":"Nurul Alam","actor_username":"","actor_via_sso":false,"log_type":"account"}', '2026-05-12 16:25:11.72668+00', ''),
	('00000000-0000-0000-0000-000000000000', 'a3a018b5-7d98-4da7-9c8b-713046ff9568', '{"action":"user_signedup","actor_id":"e41e486e-78a0-4f59-b64c-f9a52b17e3aa","actor_name":"Aurevo Fashion","actor_username":"aurevofashion88@gmail.com","actor_via_sso":false,"log_type":"team","traits":{"provider":"google"}}', '2026-05-12 16:25:36.08858+00', ''),
	('00000000-0000-0000-0000-000000000000', 'dabeed0b-4702-48dd-b57a-3c3b946e1850', '{"action":"logout","actor_id":"e41e486e-78a0-4f59-b64c-f9a52b17e3aa","actor_name":"Aurevo Fashion","actor_username":"aurevofashion88@gmail.com","actor_via_sso":false,"log_type":"account"}', '2026-05-12 16:29:22.477154+00', ''),
	('00000000-0000-0000-0000-000000000000', 'ed7fe102-181e-4046-9b58-5967997153f7', '{"action":"login","actor_id":"9c4337df-7bb1-4c01-ba8c-77bcd0bddf4c","actor_name":"Nurul Alam","actor_username":"","actor_via_sso":false,"log_type":"account","traits":{"provider":"facebook"}}', '2026-05-12 16:29:39.197231+00', ''),
	('00000000-0000-0000-0000-000000000000', 'a835c350-c32a-478c-a318-5c4e23f91902', '{"action":"logout","actor_id":"9c4337df-7bb1-4c01-ba8c-77bcd0bddf4c","actor_name":"Nurul Alam","actor_username":"","actor_via_sso":false,"log_type":"account"}', '2026-05-12 16:29:52.132517+00', ''),
	('00000000-0000-0000-0000-000000000000', 'cc557a8e-0195-4fda-9b4e-da6a9ab79590', '{"action":"login","actor_id":"e41e486e-78a0-4f59-b64c-f9a52b17e3aa","actor_name":"Aurevo Fashion","actor_username":"aurevofashion88@gmail.com","actor_via_sso":false,"log_type":"account","traits":{"provider":"google"}}', '2026-05-12 16:30:05.740414+00', ''),
	('00000000-0000-0000-0000-000000000000', '38fc21ba-dfe2-4aa2-9b91-578eec596f3e', '{"action":"logout","actor_id":"e41e486e-78a0-4f59-b64c-f9a52b17e3aa","actor_name":"Aurevo Fashion","actor_username":"aurevofashion88@gmail.com","actor_via_sso":false,"log_type":"account"}', '2026-05-12 16:40:03.759212+00', ''),
	('00000000-0000-0000-0000-000000000000', 'be0c9e15-3828-48ca-97b4-0eb142b72cf5', '{"action":"login","actor_id":"e41e486e-78a0-4f59-b64c-f9a52b17e3aa","actor_name":"Aurevo Fashion","actor_username":"aurevofashion88@gmail.com","actor_via_sso":false,"log_type":"account","traits":{"provider":"google"}}', '2026-05-12 16:40:13.43218+00', ''),
	('00000000-0000-0000-0000-000000000000', 'eb8d3942-566f-4947-914f-2351c1b4b284', '{"action":"logout","actor_id":"e41e486e-78a0-4f59-b64c-f9a52b17e3aa","actor_name":"Aurevo Fashion","actor_username":"aurevofashion88@gmail.com","actor_via_sso":false,"log_type":"account"}', '2026-05-12 16:40:26.103605+00', ''),
	('00000000-0000-0000-0000-000000000000', '77d5ac01-f479-49d3-b98d-d3a2459106aa', '{"action":"login","actor_id":"e41e486e-78a0-4f59-b64c-f9a52b17e3aa","actor_name":"Aurevo Fashion","actor_username":"aurevofashion88@gmail.com","actor_via_sso":false,"log_type":"account","traits":{"provider":"google"}}', '2026-05-12 16:40:35.168476+00', ''),
	('00000000-0000-0000-0000-000000000000', '4af49b1f-e858-4f7a-96d2-ce08c866d565', '{"action":"logout","actor_id":"e41e486e-78a0-4f59-b64c-f9a52b17e3aa","actor_name":"Aurevo Fashion","actor_username":"aurevofashion88@gmail.com","actor_via_sso":false,"log_type":"account"}', '2026-05-12 16:45:23.450215+00', ''),
	('00000000-0000-0000-0000-000000000000', '4a9a168f-8a62-44f0-9c66-a2700990c786', '{"action":"login","actor_id":"e41e486e-78a0-4f59-b64c-f9a52b17e3aa","actor_name":"Aurevo Fashion","actor_username":"aurevofashion88@gmail.com","actor_via_sso":false,"log_type":"account","traits":{"provider":"google"}}', '2026-05-12 16:45:33.563288+00', ''),
	('00000000-0000-0000-0000-000000000000', '6fbbfc32-56c0-4ebe-b8f1-0d346803b8d1', '{"action":"logout","actor_id":"e41e486e-78a0-4f59-b64c-f9a52b17e3aa","actor_name":"Aurevo Fashion","actor_username":"aurevofashion88@gmail.com","actor_via_sso":false,"log_type":"account"}', '2026-05-12 16:45:39.34763+00', ''),
	('00000000-0000-0000-0000-000000000000', '46495c2c-d445-4a69-bc5c-e386456a8e48', '{"action":"login","actor_id":"e41e486e-78a0-4f59-b64c-f9a52b17e3aa","actor_name":"Aurevo Fashion","actor_username":"aurevofashion88@gmail.com","actor_via_sso":false,"log_type":"account","traits":{"provider":"google"}}', '2026-05-12 16:45:49.048041+00', ''),
	('00000000-0000-0000-0000-000000000000', 'b1f97a3d-b707-44f4-ab02-23de44b429c0', '{"action":"logout","actor_id":"e41e486e-78a0-4f59-b64c-f9a52b17e3aa","actor_name":"Aurevo Fashion","actor_username":"aurevofashion88@gmail.com","actor_via_sso":false,"log_type":"account"}', '2026-05-12 16:46:05.477492+00', ''),
	('00000000-0000-0000-0000-000000000000', '241db33b-352d-4639-9b8a-1d038896f9bd', '{"action":"login","actor_id":"9c4337df-7bb1-4c01-ba8c-77bcd0bddf4c","actor_name":"Nurul Alam","actor_username":"","actor_via_sso":false,"log_type":"account","traits":{"provider":"facebook"}}', '2026-05-12 16:46:20.336654+00', ''),
	('00000000-0000-0000-0000-000000000000', '14b72d95-b2cb-45fb-b379-3e87229ed13a', '{"action":"logout","actor_id":"9c4337df-7bb1-4c01-ba8c-77bcd0bddf4c","actor_name":"Nurul Alam","actor_username":"","actor_via_sso":false,"log_type":"account"}', '2026-05-12 16:46:28.859958+00', ''),
	('00000000-0000-0000-0000-000000000000', '219292dc-fcf2-4405-9e0b-bd109e62f35b', '{"action":"login","actor_id":"e41e486e-78a0-4f59-b64c-f9a52b17e3aa","actor_name":"Aurevo Fashion","actor_username":"aurevofashion88@gmail.com","actor_via_sso":false,"log_type":"account","traits":{"provider":"google"}}', '2026-05-12 16:47:54.947951+00', ''),
	('00000000-0000-0000-0000-000000000000', '835121f9-3e4f-43e6-b80e-eebf1fa501e0', '{"action":"logout","actor_id":"e41e486e-78a0-4f59-b64c-f9a52b17e3aa","actor_name":"Aurevo Fashion","actor_username":"aurevofashion88@gmail.com","actor_via_sso":false,"log_type":"account"}', '2026-05-12 16:48:01.767583+00', ''),
	('00000000-0000-0000-0000-000000000000', '3181363f-327f-4056-b5db-4ec4b5ac983b', '{"action":"login","actor_id":"2ce470b1-2b5c-4992-9e95-809565b828cc","actor_username":"admin.aurevo@gmail.com","actor_via_sso":false,"log_type":"account","traits":{"provider":"email"}}', '2026-05-12 16:51:07.932538+00', ''),
	('00000000-0000-0000-0000-000000000000', 'f3bac034-be3b-4b74-85e8-39c7427574be', '{"action":"logout","actor_id":"2ce470b1-2b5c-4992-9e95-809565b828cc","actor_username":"admin.aurevo@gmail.com","actor_via_sso":false,"log_type":"account"}', '2026-05-12 17:00:33.962887+00', ''),
	('00000000-0000-0000-0000-000000000000', '904fdea6-34c1-4f52-a180-6c7af4c7b878', '{"action":"login","actor_id":"2ce470b1-2b5c-4992-9e95-809565b828cc","actor_username":"admin.aurevo@gmail.com","actor_via_sso":false,"log_type":"account","traits":{"provider":"email"}}', '2026-05-13 09:19:18.886705+00', ''),
	('00000000-0000-0000-0000-000000000000', '3100c9a8-ceb8-44ad-8eb4-3181b5035610', '{"action":"login","actor_id":"2ce470b1-2b5c-4992-9e95-809565b828cc","actor_username":"admin.aurevo@gmail.com","actor_via_sso":false,"log_type":"account","traits":{"provider":"email"}}', '2026-05-13 09:24:22.410322+00', ''),
	('00000000-0000-0000-0000-000000000000', 'f75795bf-05e0-479e-8a6a-e4c674814894', '{"action":"login","actor_id":"2ce470b1-2b5c-4992-9e95-809565b828cc","actor_username":"admin.aurevo@gmail.com","actor_via_sso":false,"log_type":"account","traits":{"provider":"email"}}', '2026-05-13 09:37:14.353374+00', ''),
	('00000000-0000-0000-0000-000000000000', '0a6c86c6-3019-4820-86cf-f6c3eba93724', '{"action":"token_refreshed","actor_id":"2ce470b1-2b5c-4992-9e95-809565b828cc","actor_username":"admin.aurevo@gmail.com","actor_via_sso":false,"log_type":"token"}', '2026-05-13 11:46:51.161735+00', ''),
	('00000000-0000-0000-0000-000000000000', '0b3e8ec8-1097-4daa-bd94-09236ff67e60', '{"action":"token_revoked","actor_id":"2ce470b1-2b5c-4992-9e95-809565b828cc","actor_username":"admin.aurevo@gmail.com","actor_via_sso":false,"log_type":"token"}', '2026-05-13 11:46:51.184469+00', ''),
	('00000000-0000-0000-0000-000000000000', 'c646664b-1e60-4f61-87b2-33e8eaf7c1a4', '{"action":"token_refreshed","actor_id":"2ce470b1-2b5c-4992-9e95-809565b828cc","actor_username":"admin.aurevo@gmail.com","actor_via_sso":false,"log_type":"token"}', '2026-05-13 12:24:21.014915+00', ''),
	('00000000-0000-0000-0000-000000000000', '6c6a0134-9276-4f52-9aa2-7964a3f9a93a', '{"action":"token_revoked","actor_id":"2ce470b1-2b5c-4992-9e95-809565b828cc","actor_username":"admin.aurevo@gmail.com","actor_via_sso":false,"log_type":"token"}', '2026-05-13 12:24:21.04186+00', ''),
	('00000000-0000-0000-0000-000000000000', '76e3fdbe-1d80-455a-b500-0d832eecc019', '{"action":"token_refreshed","actor_id":"2ce470b1-2b5c-4992-9e95-809565b828cc","actor_username":"admin.aurevo@gmail.com","actor_via_sso":false,"log_type":"token"}', '2026-05-13 12:43:40.838268+00', ''),
	('00000000-0000-0000-0000-000000000000', 'c4888490-51d1-49fa-9b0c-5a9de94b61e5', '{"action":"token_revoked","actor_id":"2ce470b1-2b5c-4992-9e95-809565b828cc","actor_username":"admin.aurevo@gmail.com","actor_via_sso":false,"log_type":"token"}', '2026-05-13 12:43:40.853949+00', ''),
	('00000000-0000-0000-0000-000000000000', '7f6130b2-17b7-4450-bfaf-27ad488acfd2', '{"action":"token_refreshed","actor_id":"2ce470b1-2b5c-4992-9e95-809565b828cc","actor_username":"admin.aurevo@gmail.com","actor_via_sso":false,"log_type":"token"}', '2026-05-13 12:55:55.624788+00', ''),
	('00000000-0000-0000-0000-000000000000', '55bc1962-ab40-4011-942a-d2319b869f62', '{"action":"token_revoked","actor_id":"2ce470b1-2b5c-4992-9e95-809565b828cc","actor_username":"admin.aurevo@gmail.com","actor_via_sso":false,"log_type":"token"}', '2026-05-13 12:55:55.63077+00', ''),
	('00000000-0000-0000-0000-000000000000', '126cab91-1a75-4cc6-b4c2-be7db95c2e59', '{"action":"login","actor_id":"2ce470b1-2b5c-4992-9e95-809565b828cc","actor_username":"admin.aurevo@gmail.com","actor_via_sso":false,"log_type":"account","traits":{"provider":"email"}}', '2026-05-13 13:18:31.775615+00', ''),
	('00000000-0000-0000-0000-000000000000', 'ebbc88d3-d4be-464b-8249-9a8c77388b9e', '{"action":"token_refreshed","actor_id":"2ce470b1-2b5c-4992-9e95-809565b828cc","actor_username":"admin.aurevo@gmail.com","actor_via_sso":false,"log_type":"token"}', '2026-05-13 13:44:13.517674+00', ''),
	('00000000-0000-0000-0000-000000000000', '249ce882-48f7-40a5-abf7-1ad26b75177c', '{"action":"token_revoked","actor_id":"2ce470b1-2b5c-4992-9e95-809565b828cc","actor_username":"admin.aurevo@gmail.com","actor_via_sso":false,"log_type":"token"}', '2026-05-13 13:44:13.532613+00', ''),
	('00000000-0000-0000-0000-000000000000', '53a8578a-e6a0-43bc-8286-af898391fc48', '{"action":"token_refreshed","actor_id":"2ce470b1-2b5c-4992-9e95-809565b828cc","actor_username":"admin.aurevo@gmail.com","actor_via_sso":false,"log_type":"token"}', '2026-05-13 14:17:59.779763+00', ''),
	('00000000-0000-0000-0000-000000000000', 'fa8a92f0-5324-4622-8794-7dee1f526a18', '{"action":"token_revoked","actor_id":"2ce470b1-2b5c-4992-9e95-809565b828cc","actor_username":"admin.aurevo@gmail.com","actor_via_sso":false,"log_type":"token"}', '2026-05-13 14:17:59.796886+00', ''),
	('00000000-0000-0000-0000-000000000000', '1969f38b-de96-4a1f-8c99-cbffd60e2ac4', '{"action":"token_refreshed","actor_id":"2ce470b1-2b5c-4992-9e95-809565b828cc","actor_username":"admin.aurevo@gmail.com","actor_via_sso":false,"log_type":"token"}', '2026-05-13 14:34:03.767712+00', ''),
	('00000000-0000-0000-0000-000000000000', '1a654295-8551-405f-b32d-56fef2abe12a', '{"action":"token_revoked","actor_id":"2ce470b1-2b5c-4992-9e95-809565b828cc","actor_username":"admin.aurevo@gmail.com","actor_via_sso":false,"log_type":"token"}', '2026-05-13 14:34:03.790419+00', ''),
	('00000000-0000-0000-0000-000000000000', '9f6c03c0-97a9-4039-bacc-6762cea7ad92', '{"action":"token_refreshed","actor_id":"2ce470b1-2b5c-4992-9e95-809565b828cc","actor_username":"admin.aurevo@gmail.com","actor_via_sso":false,"log_type":"token"}', '2026-05-13 14:58:52.84186+00', ''),
	('00000000-0000-0000-0000-000000000000', 'aac015b8-5fff-403c-8516-067a11963d48', '{"action":"token_revoked","actor_id":"2ce470b1-2b5c-4992-9e95-809565b828cc","actor_username":"admin.aurevo@gmail.com","actor_via_sso":false,"log_type":"token"}', '2026-05-13 14:58:52.855199+00', ''),
	('00000000-0000-0000-0000-000000000000', '0e60a291-914d-45eb-8cde-4a9643ced702', '{"action":"token_refreshed","actor_id":"2ce470b1-2b5c-4992-9e95-809565b828cc","actor_username":"admin.aurevo@gmail.com","actor_via_sso":false,"log_type":"token"}', '2026-05-13 15:04:10.400222+00', ''),
	('00000000-0000-0000-0000-000000000000', '03123c86-ca39-4e96-b509-dd9d7303a1ad', '{"action":"token_revoked","actor_id":"2ce470b1-2b5c-4992-9e95-809565b828cc","actor_username":"admin.aurevo@gmail.com","actor_via_sso":false,"log_type":"token"}', '2026-05-13 15:04:10.411264+00', ''),
	('00000000-0000-0000-0000-000000000000', '5e6b7b2d-c525-44a7-891e-e3a5f5c08ea4', '{"action":"token_refreshed","actor_id":"2ce470b1-2b5c-4992-9e95-809565b828cc","actor_username":"admin.aurevo@gmail.com","actor_via_sso":false,"log_type":"token"}', '2026-05-13 15:17:35.587146+00', ''),
	('00000000-0000-0000-0000-000000000000', '00847cc8-6c9c-4b49-aa6d-3bd104562e76', '{"action":"token_revoked","actor_id":"2ce470b1-2b5c-4992-9e95-809565b828cc","actor_username":"admin.aurevo@gmail.com","actor_via_sso":false,"log_type":"token"}', '2026-05-13 15:17:35.598199+00', ''),
	('00000000-0000-0000-0000-000000000000', 'ed05900c-7212-47de-86fb-2d03a56ceabf', '{"action":"token_refreshed","actor_id":"2ce470b1-2b5c-4992-9e95-809565b828cc","actor_username":"admin.aurevo@gmail.com","actor_via_sso":false,"log_type":"token"}', '2026-05-13 15:56:46.890264+00', ''),
	('00000000-0000-0000-0000-000000000000', '7c51c282-3aff-4c95-b38b-c6712e558b77', '{"action":"token_revoked","actor_id":"2ce470b1-2b5c-4992-9e95-809565b828cc","actor_username":"admin.aurevo@gmail.com","actor_via_sso":false,"log_type":"token"}', '2026-05-13 15:56:46.902076+00', ''),
	('00000000-0000-0000-0000-000000000000', 'c9c73397-15af-4c6c-b5b7-482b63546486', '{"action":"token_refreshed","actor_id":"2ce470b1-2b5c-4992-9e95-809565b828cc","actor_username":"admin.aurevo@gmail.com","actor_via_sso":false,"log_type":"token"}', '2026-05-13 16:16:35.999162+00', ''),
	('00000000-0000-0000-0000-000000000000', 'e19954cf-95bf-411c-b957-8d0e0e2bbd38', '{"action":"token_revoked","actor_id":"2ce470b1-2b5c-4992-9e95-809565b828cc","actor_username":"admin.aurevo@gmail.com","actor_via_sso":false,"log_type":"token"}', '2026-05-13 16:16:36.134767+00', ''),
	('00000000-0000-0000-0000-000000000000', 'a89d55a7-c15e-419d-ab67-633c404aa823', '{"action":"token_refreshed","actor_id":"2ce470b1-2b5c-4992-9e95-809565b828cc","actor_username":"admin.aurevo@gmail.com","actor_via_sso":false,"log_type":"token"}', '2026-05-13 17:15:23.483098+00', ''),
	('00000000-0000-0000-0000-000000000000', 'a08811e4-cbda-4f88-b028-0b09fddd1805', '{"action":"token_refreshed","actor_id":"2ce470b1-2b5c-4992-9e95-809565b828cc","actor_username":"admin.aurevo@gmail.com","actor_via_sso":false,"log_type":"token"}', '2026-05-13 17:15:23.482021+00', ''),
	('00000000-0000-0000-0000-000000000000', 'bdc5bbbb-9152-44c0-9842-9bd64fa03352', '{"action":"token_revoked","actor_id":"2ce470b1-2b5c-4992-9e95-809565b828cc","actor_username":"admin.aurevo@gmail.com","actor_via_sso":false,"log_type":"token"}', '2026-05-13 17:15:23.502194+00', ''),
	('00000000-0000-0000-0000-000000000000', 'a5fb1601-01d6-47a8-93d8-2d79659cd911', '{"action":"token_revoked","actor_id":"2ce470b1-2b5c-4992-9e95-809565b828cc","actor_username":"admin.aurevo@gmail.com","actor_via_sso":false,"log_type":"token"}', '2026-05-13 17:15:23.502112+00', ''),
	('00000000-0000-0000-0000-000000000000', '9c8bc889-a57c-45b4-be6b-23fce2005d6e', '{"action":"token_refreshed","actor_id":"2ce470b1-2b5c-4992-9e95-809565b828cc","actor_username":"admin.aurevo@gmail.com","actor_via_sso":false,"log_type":"token"}', '2026-05-13 18:57:35.143349+00', ''),
	('00000000-0000-0000-0000-000000000000', '69476890-4b5e-46b3-ad66-8d833ea0b36c', '{"action":"token_refreshed","actor_id":"2ce470b1-2b5c-4992-9e95-809565b828cc","actor_username":"admin.aurevo@gmail.com","actor_via_sso":false,"log_type":"token"}', '2026-05-13 18:57:35.143105+00', ''),
	('00000000-0000-0000-0000-000000000000', '8f371456-4391-4335-8748-c654bcdba18a', '{"action":"token_revoked","actor_id":"2ce470b1-2b5c-4992-9e95-809565b828cc","actor_username":"admin.aurevo@gmail.com","actor_via_sso":false,"log_type":"token"}', '2026-05-13 18:57:35.176628+00', ''),
	('00000000-0000-0000-0000-000000000000', 'f097691c-36d1-41b7-9660-cfcc64e94e63', '{"action":"token_revoked","actor_id":"2ce470b1-2b5c-4992-9e95-809565b828cc","actor_username":"admin.aurevo@gmail.com","actor_via_sso":false,"log_type":"token"}', '2026-05-13 18:57:35.176868+00', ''),
	('00000000-0000-0000-0000-000000000000', 'ef59d8b3-d382-4ab3-ad5e-9ccc42660a04', '{"action":"token_refreshed","actor_id":"2ce470b1-2b5c-4992-9e95-809565b828cc","actor_username":"admin.aurevo@gmail.com","actor_via_sso":false,"log_type":"token"}', '2026-05-13 19:57:55.426719+00', ''),
	('00000000-0000-0000-0000-000000000000', '2002e3d4-00c6-4c14-807a-69e00057668e', '{"action":"token_revoked","actor_id":"2ce470b1-2b5c-4992-9e95-809565b828cc","actor_username":"admin.aurevo@gmail.com","actor_via_sso":false,"log_type":"token"}', '2026-05-13 19:57:55.439287+00', ''),
	('00000000-0000-0000-0000-000000000000', '68b8fc18-d24a-48f8-b4b1-1473c0d2bb48', '{"action":"token_refreshed","actor_id":"2ce470b1-2b5c-4992-9e95-809565b828cc","actor_username":"admin.aurevo@gmail.com","actor_via_sso":false,"log_type":"token"}', '2026-05-13 22:38:45.075742+00', ''),
	('00000000-0000-0000-0000-000000000000', 'd206519b-80c9-402a-88ca-456ceda16c60', '{"action":"token_revoked","actor_id":"2ce470b1-2b5c-4992-9e95-809565b828cc","actor_username":"admin.aurevo@gmail.com","actor_via_sso":false,"log_type":"token"}', '2026-05-13 22:38:45.104476+00', ''),
	('00000000-0000-0000-0000-000000000000', '95a4b532-b242-48b2-843a-5bd62530b06b', '{"action":"logout","actor_id":"2ce470b1-2b5c-4992-9e95-809565b828cc","actor_username":"admin.aurevo@gmail.com","actor_via_sso":false,"log_type":"account"}', '2026-05-13 22:38:49.926906+00', ''),
	('00000000-0000-0000-0000-000000000000', '3b5cd1db-0b7f-4a06-9fa4-1cfc9cd8078d', '{"action":"login","actor_id":"2ce470b1-2b5c-4992-9e95-809565b828cc","actor_username":"admin.aurevo@gmail.com","actor_via_sso":false,"log_type":"account","traits":{"provider":"email"}}', '2026-05-14 10:22:21.321096+00', ''),
	('00000000-0000-0000-0000-000000000000', 'b21abc43-0a8d-498c-b2d0-16d5ffe726e2', '{"action":"token_refreshed","actor_id":"2ce470b1-2b5c-4992-9e95-809565b828cc","actor_username":"admin.aurevo@gmail.com","actor_via_sso":false,"log_type":"token"}', '2026-05-14 12:04:08.324779+00', ''),
	('00000000-0000-0000-0000-000000000000', '0728b03e-508b-4562-964b-a526f7e6a304', '{"action":"token_revoked","actor_id":"2ce470b1-2b5c-4992-9e95-809565b828cc","actor_username":"admin.aurevo@gmail.com","actor_via_sso":false,"log_type":"token"}', '2026-05-14 12:04:08.34836+00', ''),
	('00000000-0000-0000-0000-000000000000', 'e122eb13-9a08-4d8d-936a-abd6624053fa', '{"action":"login","actor_id":"2ce470b1-2b5c-4992-9e95-809565b828cc","actor_username":"admin.aurevo@gmail.com","actor_via_sso":false,"log_type":"account","traits":{"provider":"email"}}', '2026-05-14 12:04:38.742032+00', ''),
	('00000000-0000-0000-0000-000000000000', 'b7be5539-6080-484b-8623-9983f7b1eb46', '{"action":"token_refreshed","actor_id":"2ce470b1-2b5c-4992-9e95-809565b828cc","actor_username":"admin.aurevo@gmail.com","actor_via_sso":false,"log_type":"token"}', '2026-05-14 13:03:21.042393+00', ''),
	('00000000-0000-0000-0000-000000000000', '0e74aa3f-49c4-4e37-ba28-68b195cbd95e', '{"action":"token_revoked","actor_id":"2ce470b1-2b5c-4992-9e95-809565b828cc","actor_username":"admin.aurevo@gmail.com","actor_via_sso":false,"log_type":"token"}', '2026-05-14 13:03:21.06187+00', ''),
	('00000000-0000-0000-0000-000000000000', '92112693-a0e4-4b9b-8131-aa02c73edfc8', '{"action":"token_refreshed","actor_id":"2ce470b1-2b5c-4992-9e95-809565b828cc","actor_username":"admin.aurevo@gmail.com","actor_via_sso":false,"log_type":"token"}', '2026-05-14 13:03:53.202537+00', ''),
	('00000000-0000-0000-0000-000000000000', '610cba7c-cae5-4ed6-bd0e-732f132901bd', '{"action":"token_revoked","actor_id":"2ce470b1-2b5c-4992-9e95-809565b828cc","actor_username":"admin.aurevo@gmail.com","actor_via_sso":false,"log_type":"token"}', '2026-05-14 13:03:53.21702+00', ''),
	('00000000-0000-0000-0000-000000000000', 'fb614413-07ba-4d9d-93ee-11248cb3c9ca', '{"action":"login","actor_id":"e41e486e-78a0-4f59-b64c-f9a52b17e3aa","actor_name":"Aurevo Fashion","actor_username":"aurevofashion88@gmail.com","actor_via_sso":false,"log_type":"account","traits":{"provider":"google"}}', '2026-05-14 13:35:10.783034+00', ''),
	('00000000-0000-0000-0000-000000000000', '67ac2563-9d1c-412f-8c14-7b4dca44e563', '{"action":"token_refreshed","actor_id":"2ce470b1-2b5c-4992-9e95-809565b828cc","actor_username":"admin.aurevo@gmail.com","actor_via_sso":false,"log_type":"token"}', '2026-05-14 14:02:51.09819+00', ''),
	('00000000-0000-0000-0000-000000000000', 'e2d4d499-a307-47ca-a543-edb6038a7517', '{"action":"token_revoked","actor_id":"2ce470b1-2b5c-4992-9e95-809565b828cc","actor_username":"admin.aurevo@gmail.com","actor_via_sso":false,"log_type":"token"}', '2026-05-14 14:02:51.117498+00', ''),
	('00000000-0000-0000-0000-000000000000', '312ac2d9-21ba-49c0-914e-81461bd589a9', '{"action":"token_refreshed","actor_id":"2ce470b1-2b5c-4992-9e95-809565b828cc","actor_username":"admin.aurevo@gmail.com","actor_via_sso":false,"log_type":"token"}', '2026-05-14 15:14:37.046455+00', ''),
	('00000000-0000-0000-0000-000000000000', '2d429918-75d6-467e-8239-9aa5668838e9', '{"action":"token_revoked","actor_id":"2ce470b1-2b5c-4992-9e95-809565b828cc","actor_username":"admin.aurevo@gmail.com","actor_via_sso":false,"log_type":"token"}', '2026-05-14 15:14:37.073882+00', ''),
	('00000000-0000-0000-0000-000000000000', '7c91ef4f-5eae-4cf9-8a8b-0e02631bd857', '{"action":"token_refreshed","actor_id":"e41e486e-78a0-4f59-b64c-f9a52b17e3aa","actor_name":"Aurevo Fashion","actor_username":"aurevofashion88@gmail.com","actor_via_sso":false,"log_type":"token"}', '2026-05-14 15:16:26.799853+00', ''),
	('00000000-0000-0000-0000-000000000000', '09523599-108d-48a3-afd6-96544a139447', '{"action":"token_revoked","actor_id":"e41e486e-78a0-4f59-b64c-f9a52b17e3aa","actor_name":"Aurevo Fashion","actor_username":"aurevofashion88@gmail.com","actor_via_sso":false,"log_type":"token"}', '2026-05-14 15:16:26.802792+00', ''),
	('00000000-0000-0000-0000-000000000000', '71517919-8c55-4827-8036-a4aae7b14374', '{"action":"login","actor_id":"2ce470b1-2b5c-4992-9e95-809565b828cc","actor_username":"admin.aurevo@gmail.com","actor_via_sso":false,"log_type":"account","traits":{"provider":"email"}}', '2026-05-14 15:46:15.352411+00', ''),
	('00000000-0000-0000-0000-000000000000', '86f476b9-30e9-4212-ad51-2220d82594f9', '{"action":"logout","actor_id":"e41e486e-78a0-4f59-b64c-f9a52b17e3aa","actor_name":"Aurevo Fashion","actor_username":"aurevofashion88@gmail.com","actor_via_sso":false,"log_type":"account"}', '2026-05-14 15:53:24.472821+00', ''),
	('00000000-0000-0000-0000-000000000000', 'd0f8af47-795e-4c6e-8125-4ac43368eb00', '{"action":"login","actor_id":"2ce470b1-2b5c-4992-9e95-809565b828cc","actor_username":"admin.aurevo@gmail.com","actor_via_sso":false,"log_type":"account","traits":{"provider":"email"}}', '2026-05-14 15:53:41.975056+00', ''),
	('00000000-0000-0000-0000-000000000000', '0f80f4c7-1a6c-4128-ac6a-78d76193cf2b', '{"action":"token_refreshed","actor_id":"2ce470b1-2b5c-4992-9e95-809565b828cc","actor_username":"admin.aurevo@gmail.com","actor_via_sso":false,"log_type":"token"}', '2026-05-14 16:13:28.94713+00', ''),
	('00000000-0000-0000-0000-000000000000', 'c07af09b-983e-4a62-b34c-3549758dca0c', '{"action":"token_revoked","actor_id":"2ce470b1-2b5c-4992-9e95-809565b828cc","actor_username":"admin.aurevo@gmail.com","actor_via_sso":false,"log_type":"token"}', '2026-05-14 16:13:28.963111+00', ''),
	('00000000-0000-0000-0000-000000000000', '15f23b29-cf8e-4bc3-837d-095f71cc35eb', '{"action":"token_refreshed","actor_id":"2ce470b1-2b5c-4992-9e95-809565b828cc","actor_username":"admin.aurevo@gmail.com","actor_via_sso":false,"log_type":"token"}', '2026-05-14 16:19:49.061844+00', ''),
	('00000000-0000-0000-0000-000000000000', '8a969501-f0cf-4997-befa-f646d7892c08', '{"action":"token_revoked","actor_id":"2ce470b1-2b5c-4992-9e95-809565b828cc","actor_username":"admin.aurevo@gmail.com","actor_via_sso":false,"log_type":"token"}', '2026-05-14 16:19:49.064701+00', ''),
	('00000000-0000-0000-0000-000000000000', 'd4dc6b0c-3cfa-48bd-b104-26357726f5cd', '{"action":"token_refreshed","actor_id":"2ce470b1-2b5c-4992-9e95-809565b828cc","actor_username":"admin.aurevo@gmail.com","actor_via_sso":false,"log_type":"token"}', '2026-05-14 16:54:03.491868+00', ''),
	('00000000-0000-0000-0000-000000000000', '60b791f5-4cd5-4fea-9fae-7e88bf5ef517', '{"action":"token_revoked","actor_id":"2ce470b1-2b5c-4992-9e95-809565b828cc","actor_username":"admin.aurevo@gmail.com","actor_via_sso":false,"log_type":"token"}', '2026-05-14 16:54:03.502915+00', ''),
	('00000000-0000-0000-0000-000000000000', '06ba9fb9-4533-4857-b16a-2d887c777b4f', '{"action":"token_refreshed","actor_id":"2ce470b1-2b5c-4992-9e95-809565b828cc","actor_username":"admin.aurevo@gmail.com","actor_via_sso":false,"log_type":"token"}', '2026-05-14 17:03:11.128829+00', ''),
	('00000000-0000-0000-0000-000000000000', '14eb482c-f050-4205-8230-cb1b296b65a0', '{"action":"token_revoked","actor_id":"2ce470b1-2b5c-4992-9e95-809565b828cc","actor_username":"admin.aurevo@gmail.com","actor_via_sso":false,"log_type":"token"}', '2026-05-14 17:03:11.147547+00', ''),
	('00000000-0000-0000-0000-000000000000', '58a1a2c3-46aa-4872-bdbe-8d15c724ab91', '{"action":"token_refreshed","actor_id":"2ce470b1-2b5c-4992-9e95-809565b828cc","actor_username":"admin.aurevo@gmail.com","actor_via_sso":false,"log_type":"token"}', '2026-05-14 17:16:29.412609+00', ''),
	('00000000-0000-0000-0000-000000000000', 'b6d54e27-a4d7-4b63-a685-3fc0c8f8d72c', '{"action":"token_revoked","actor_id":"2ce470b1-2b5c-4992-9e95-809565b828cc","actor_username":"admin.aurevo@gmail.com","actor_via_sso":false,"log_type":"token"}', '2026-05-14 17:16:29.419708+00', ''),
	('00000000-0000-0000-0000-000000000000', '082f1944-dbda-42b1-91ee-0cec5678a95b', '{"action":"token_refreshed","actor_id":"2ce470b1-2b5c-4992-9e95-809565b828cc","actor_username":"admin.aurevo@gmail.com","actor_via_sso":false,"log_type":"token"}', '2026-05-14 17:21:40.599447+00', ''),
	('00000000-0000-0000-0000-000000000000', 'd461809d-6cd5-4851-b403-78b858083b57', '{"action":"token_revoked","actor_id":"2ce470b1-2b5c-4992-9e95-809565b828cc","actor_username":"admin.aurevo@gmail.com","actor_via_sso":false,"log_type":"token"}', '2026-05-14 17:21:40.606423+00', ''),
	('00000000-0000-0000-0000-000000000000', 'e021d98c-735d-4bfa-9aa8-316e8c2521c4', '{"action":"token_refreshed","actor_id":"2ce470b1-2b5c-4992-9e95-809565b828cc","actor_username":"admin.aurevo@gmail.com","actor_via_sso":false,"log_type":"token"}', '2026-05-15 06:01:25.636133+00', ''),
	('00000000-0000-0000-0000-000000000000', '5dd2584c-1a0b-4119-92e6-21fa2587b825', '{"action":"token_revoked","actor_id":"2ce470b1-2b5c-4992-9e95-809565b828cc","actor_username":"admin.aurevo@gmail.com","actor_via_sso":false,"log_type":"token"}', '2026-05-15 06:01:25.660751+00', ''),
	('00000000-0000-0000-0000-000000000000', 'aae98191-8a30-4f1a-af20-d33a0d1d071f', '{"action":"token_refreshed","actor_id":"2ce470b1-2b5c-4992-9e95-809565b828cc","actor_username":"admin.aurevo@gmail.com","actor_via_sso":false,"log_type":"token"}', '2026-05-15 06:11:06.946637+00', ''),
	('00000000-0000-0000-0000-000000000000', '03a65f60-4a02-4ae1-953e-792734b9dd54', '{"action":"token_revoked","actor_id":"2ce470b1-2b5c-4992-9e95-809565b828cc","actor_username":"admin.aurevo@gmail.com","actor_via_sso":false,"log_type":"token"}', '2026-05-15 06:11:06.957105+00', ''),
	('00000000-0000-0000-0000-000000000000', '395f6bbc-4cbe-421b-aec2-dc29e4e9a153', '{"action":"token_refreshed","actor_id":"2ce470b1-2b5c-4992-9e95-809565b828cc","actor_username":"admin.aurevo@gmail.com","actor_via_sso":false,"log_type":"token"}', '2026-05-15 08:23:09.883962+00', ''),
	('00000000-0000-0000-0000-000000000000', 'a9931030-20b7-4e38-95f8-82bc1b2084c2', '{"action":"token_revoked","actor_id":"2ce470b1-2b5c-4992-9e95-809565b828cc","actor_username":"admin.aurevo@gmail.com","actor_via_sso":false,"log_type":"token"}', '2026-05-15 08:23:09.902319+00', ''),
	('00000000-0000-0000-0000-000000000000', '60706e5f-0a50-4417-898c-dc65e4612e83', '{"action":"token_refreshed","actor_id":"2ce470b1-2b5c-4992-9e95-809565b828cc","actor_username":"admin.aurevo@gmail.com","actor_via_sso":false,"log_type":"token"}', '2026-05-15 09:22:43.214259+00', ''),
	('00000000-0000-0000-0000-000000000000', '4c3545f8-952d-4e71-ae5d-2995b2fc9463', '{"action":"token_revoked","actor_id":"2ce470b1-2b5c-4992-9e95-809565b828cc","actor_username":"admin.aurevo@gmail.com","actor_via_sso":false,"log_type":"token"}', '2026-05-15 09:22:43.228881+00', ''),
	('00000000-0000-0000-0000-000000000000', '8f02302e-67c3-47b6-8a95-9f2035f2dec8', '{"action":"token_refreshed","actor_id":"2ce470b1-2b5c-4992-9e95-809565b828cc","actor_username":"admin.aurevo@gmail.com","actor_via_sso":false,"log_type":"token"}', '2026-05-15 11:05:32.393197+00', ''),
	('00000000-0000-0000-0000-000000000000', 'dec4041b-685a-4bd7-a84a-79fe4a821656', '{"action":"token_revoked","actor_id":"2ce470b1-2b5c-4992-9e95-809565b828cc","actor_username":"admin.aurevo@gmail.com","actor_via_sso":false,"log_type":"token"}', '2026-05-15 11:05:32.417597+00', ''),
	('00000000-0000-0000-0000-000000000000', '8ca75561-7dd4-4982-a0af-07030861679c', '{"action":"token_refreshed","actor_id":"2ce470b1-2b5c-4992-9e95-809565b828cc","actor_username":"admin.aurevo@gmail.com","actor_via_sso":false,"log_type":"token"}', '2026-05-15 11:26:39.689498+00', ''),
	('00000000-0000-0000-0000-000000000000', 'a016f210-e883-46a4-b50f-3349a3447c8a', '{"action":"token_revoked","actor_id":"2ce470b1-2b5c-4992-9e95-809565b828cc","actor_username":"admin.aurevo@gmail.com","actor_via_sso":false,"log_type":"token"}', '2026-05-15 11:26:39.696301+00', ''),
	('00000000-0000-0000-0000-000000000000', 'afb6e386-549c-4dce-84e9-31b7e3636e1f', '{"action":"token_refreshed","actor_id":"2ce470b1-2b5c-4992-9e95-809565b828cc","actor_username":"admin.aurevo@gmail.com","actor_via_sso":false,"log_type":"token"}', '2026-05-15 12:04:57.883342+00', ''),
	('00000000-0000-0000-0000-000000000000', 'f76217a0-c2a9-4503-8f53-630cbdee3b51', '{"action":"token_revoked","actor_id":"2ce470b1-2b5c-4992-9e95-809565b828cc","actor_username":"admin.aurevo@gmail.com","actor_via_sso":false,"log_type":"token"}', '2026-05-15 12:04:57.909644+00', ''),
	('00000000-0000-0000-0000-000000000000', 'ed265d22-7a69-4045-b8b8-2ee59ae0190f', '{"action":"token_refreshed","actor_id":"2ce470b1-2b5c-4992-9e95-809565b828cc","actor_username":"admin.aurevo@gmail.com","actor_via_sso":false,"log_type":"token"}', '2026-05-15 13:03:40.37931+00', ''),
	('00000000-0000-0000-0000-000000000000', '4fdd85d9-9601-4933-b3d8-ae7c37d7217d', '{"action":"token_revoked","actor_id":"2ce470b1-2b5c-4992-9e95-809565b828cc","actor_username":"admin.aurevo@gmail.com","actor_via_sso":false,"log_type":"token"}', '2026-05-15 13:03:40.396309+00', ''),
	('00000000-0000-0000-0000-000000000000', '66499744-0b74-436b-9ef3-ddd41ead04a5', '{"action":"token_refreshed","actor_id":"2ce470b1-2b5c-4992-9e95-809565b828cc","actor_username":"admin.aurevo@gmail.com","actor_via_sso":false,"log_type":"token"}', '2026-05-15 13:39:58.065573+00', ''),
	('00000000-0000-0000-0000-000000000000', 'f9a50e8d-1163-4a2c-9cb7-81f7a8282ef3', '{"action":"token_revoked","actor_id":"2ce470b1-2b5c-4992-9e95-809565b828cc","actor_username":"admin.aurevo@gmail.com","actor_via_sso":false,"log_type":"token"}', '2026-05-15 13:39:58.086898+00', ''),
	('00000000-0000-0000-0000-000000000000', 'f54bd946-68ff-49d4-9a37-81e42b36d53b', '{"action":"token_refreshed","actor_id":"2ce470b1-2b5c-4992-9e95-809565b828cc","actor_username":"admin.aurevo@gmail.com","actor_via_sso":false,"log_type":"token"}', '2026-05-15 13:44:19.587123+00', ''),
	('00000000-0000-0000-0000-000000000000', 'fc339c92-e0e5-47a8-918f-abd3693ae1eb', '{"action":"token_revoked","actor_id":"2ce470b1-2b5c-4992-9e95-809565b828cc","actor_username":"admin.aurevo@gmail.com","actor_via_sso":false,"log_type":"token"}', '2026-05-15 13:44:19.595386+00', ''),
	('00000000-0000-0000-0000-000000000000', '701184a6-23af-49b8-891d-4fb514170278', '{"action":"token_refreshed","actor_id":"2ce470b1-2b5c-4992-9e95-809565b828cc","actor_username":"admin.aurevo@gmail.com","actor_via_sso":false,"log_type":"token"}', '2026-05-15 14:09:46.042105+00', ''),
	('00000000-0000-0000-0000-000000000000', '6fccbd57-93b3-4135-ac28-91784d6b36ba', '{"action":"token_revoked","actor_id":"2ce470b1-2b5c-4992-9e95-809565b828cc","actor_username":"admin.aurevo@gmail.com","actor_via_sso":false,"log_type":"token"}', '2026-05-15 14:09:46.056222+00', ''),
	('00000000-0000-0000-0000-000000000000', '6c354149-66f9-4cfc-98fb-e9e2081c6f40', '{"action":"token_refreshed","actor_id":"2ce470b1-2b5c-4992-9e95-809565b828cc","actor_username":"admin.aurevo@gmail.com","actor_via_sso":false,"log_type":"token"}', '2026-05-15 15:01:36.258686+00', ''),
	('00000000-0000-0000-0000-000000000000', '139c9d23-252b-4c43-9470-94ac93d5d4cd', '{"action":"token_revoked","actor_id":"2ce470b1-2b5c-4992-9e95-809565b828cc","actor_username":"admin.aurevo@gmail.com","actor_via_sso":false,"log_type":"token"}', '2026-05-15 15:01:36.276352+00', ''),
	('00000000-0000-0000-0000-000000000000', 'b10ce444-439d-4ebb-b28b-717da7052e7d', '{"action":"token_refreshed","actor_id":"2ce470b1-2b5c-4992-9e95-809565b828cc","actor_username":"admin.aurevo@gmail.com","actor_via_sso":false,"log_type":"token"}', '2026-05-15 16:00:29.215778+00', ''),
	('00000000-0000-0000-0000-000000000000', '59bf97da-8b17-4460-9e87-5a7668039950', '{"action":"token_revoked","actor_id":"2ce470b1-2b5c-4992-9e95-809565b828cc","actor_username":"admin.aurevo@gmail.com","actor_via_sso":false,"log_type":"token"}', '2026-05-15 16:00:29.24074+00', ''),
	('00000000-0000-0000-0000-000000000000', '45fd4967-89a5-4064-8e91-e33349458266', '{"action":"token_refreshed","actor_id":"2ce470b1-2b5c-4992-9e95-809565b828cc","actor_username":"admin.aurevo@gmail.com","actor_via_sso":false,"log_type":"token"}', '2026-05-15 16:56:37.527514+00', ''),
	('00000000-0000-0000-0000-000000000000', 'f01eac69-9d28-45d0-893c-9fe9a3f65235', '{"action":"token_revoked","actor_id":"2ce470b1-2b5c-4992-9e95-809565b828cc","actor_username":"admin.aurevo@gmail.com","actor_via_sso":false,"log_type":"token"}', '2026-05-15 16:56:37.542806+00', ''),
	('00000000-0000-0000-0000-000000000000', 'effbaae8-ab7a-48cc-8abf-f882aa9ff042', '{"action":"token_refreshed","actor_id":"2ce470b1-2b5c-4992-9e95-809565b828cc","actor_username":"admin.aurevo@gmail.com","actor_via_sso":false,"log_type":"token"}', '2026-05-15 17:01:12.602795+00', ''),
	('00000000-0000-0000-0000-000000000000', '8c57a5a0-8b4b-46ae-834c-a6c41eefd033', '{"action":"token_revoked","actor_id":"2ce470b1-2b5c-4992-9e95-809565b828cc","actor_username":"admin.aurevo@gmail.com","actor_via_sso":false,"log_type":"token"}', '2026-05-15 17:01:12.614945+00', ''),
	('00000000-0000-0000-0000-000000000000', '63c0a397-7f9e-4661-9850-66fafca91e33', '{"action":"token_refreshed","actor_id":"2ce470b1-2b5c-4992-9e95-809565b828cc","actor_username":"admin.aurevo@gmail.com","actor_via_sso":false,"log_type":"token"}', '2026-05-15 18:00:48.436761+00', ''),
	('00000000-0000-0000-0000-000000000000', '6ff92d4a-1207-46bb-9f5b-757fb8962e6a', '{"action":"token_revoked","actor_id":"2ce470b1-2b5c-4992-9e95-809565b828cc","actor_username":"admin.aurevo@gmail.com","actor_via_sso":false,"log_type":"token"}', '2026-05-15 18:00:48.45426+00', ''),
	('00000000-0000-0000-0000-000000000000', '009ed019-133f-46ba-b30c-6faec881c808', '{"action":"token_refreshed","actor_id":"2ce470b1-2b5c-4992-9e95-809565b828cc","actor_username":"admin.aurevo@gmail.com","actor_via_sso":false,"log_type":"token"}', '2026-05-15 18:59:51.428139+00', ''),
	('00000000-0000-0000-0000-000000000000', '31bbcdd1-737e-4302-8a7d-6c24a2feec2d', '{"action":"token_revoked","actor_id":"2ce470b1-2b5c-4992-9e95-809565b828cc","actor_username":"admin.aurevo@gmail.com","actor_via_sso":false,"log_type":"token"}', '2026-05-15 18:59:51.448896+00', ''),
	('00000000-0000-0000-0000-000000000000', '842e7a3a-5a37-4ecd-9ff0-e39d73de2c03', '{"action":"token_refreshed","actor_id":"2ce470b1-2b5c-4992-9e95-809565b828cc","actor_username":"admin.aurevo@gmail.com","actor_via_sso":false,"log_type":"token"}', '2026-05-16 06:08:05.576893+00', ''),
	('00000000-0000-0000-0000-000000000000', '4c432786-ff07-4f26-96c7-f311821c3f92', '{"action":"token_revoked","actor_id":"2ce470b1-2b5c-4992-9e95-809565b828cc","actor_username":"admin.aurevo@gmail.com","actor_via_sso":false,"log_type":"token"}', '2026-05-16 06:08:05.59282+00', ''),
	('00000000-0000-0000-0000-000000000000', '2c7e7f43-77b6-44ae-b796-dd179c197ac5', '{"action":"logout","actor_id":"2ce470b1-2b5c-4992-9e95-809565b828cc","actor_username":"admin.aurevo@gmail.com","actor_via_sso":false,"log_type":"account"}', '2026-05-16 06:33:33.58424+00', ''),
	('00000000-0000-0000-0000-000000000000', '67432809-5c17-4bfe-beba-5963b7046951', '{"action":"login","actor_id":"2ce470b1-2b5c-4992-9e95-809565b828cc","actor_username":"admin.aurevo@gmail.com","actor_via_sso":false,"log_type":"account","traits":{"provider":"email"}}', '2026-05-16 06:33:48.398241+00', ''),
	('00000000-0000-0000-0000-000000000000', '107b26fc-cbb5-4fb1-9f54-08ad106dc21f', '{"action":"logout","actor_id":"2ce470b1-2b5c-4992-9e95-809565b828cc","actor_username":"admin.aurevo@gmail.com","actor_via_sso":false,"log_type":"account"}', '2026-05-16 07:04:32.56223+00', ''),
	('00000000-0000-0000-0000-000000000000', 'c5b9394e-304f-4f7f-bbd6-e6ebae204054', '{"action":"login","actor_id":"2ce470b1-2b5c-4992-9e95-809565b828cc","actor_username":"admin.aurevo@gmail.com","actor_via_sso":false,"log_type":"account","traits":{"provider":"email"}}', '2026-05-16 09:27:29.994055+00', ''),
	('00000000-0000-0000-0000-000000000000', 'b4c0c571-8c55-4aa3-b081-e1cd0a5e0234', '{"action":"login","actor_id":"2ce470b1-2b5c-4992-9e95-809565b828cc","actor_username":"admin.aurevo@gmail.com","actor_via_sso":false,"log_type":"account","traits":{"provider":"email"}}', '2026-05-18 14:00:58.906688+00', ''),
	('00000000-0000-0000-0000-000000000000', '127fbd96-fad0-4d03-9a09-ac3c3f67e1f9', '{"action":"logout","actor_id":"2ce470b1-2b5c-4992-9e95-809565b828cc","actor_username":"admin.aurevo@gmail.com","actor_via_sso":false,"log_type":"account"}', '2026-05-18 14:01:45.001708+00', ''),
	('00000000-0000-0000-0000-000000000000', 'ec315fba-1d9a-416b-a5f7-693752b627a6', '{"action":"login","actor_id":"2ce470b1-2b5c-4992-9e95-809565b828cc","actor_username":"admin.aurevo@gmail.com","actor_via_sso":false,"log_type":"account","traits":{"provider":"email"}}', '2026-05-19 16:22:49.551463+00', ''),
	('00000000-0000-0000-0000-000000000000', '2d6b7032-cfc8-4d25-a981-f9b6fb756e38', '{"action":"token_refreshed","actor_id":"2ce470b1-2b5c-4992-9e95-809565b828cc","actor_username":"admin.aurevo@gmail.com","actor_via_sso":false,"log_type":"token"}', '2026-05-20 08:49:53.318282+00', ''),
	('00000000-0000-0000-0000-000000000000', 'c048af69-1872-405b-9d83-354358084421', '{"action":"token_revoked","actor_id":"2ce470b1-2b5c-4992-9e95-809565b828cc","actor_username":"admin.aurevo@gmail.com","actor_via_sso":false,"log_type":"token"}', '2026-05-20 08:49:53.344894+00', ''),
	('00000000-0000-0000-0000-000000000000', 'cc634529-211a-4902-b896-09e5cb031e8e', '{"action":"token_refreshed","actor_id":"2ce470b1-2b5c-4992-9e95-809565b828cc","actor_username":"admin.aurevo@gmail.com","actor_via_sso":false,"log_type":"token"}', '2026-05-20 10:00:34.470627+00', ''),
	('00000000-0000-0000-0000-000000000000', 'a191d023-2c35-44e2-8589-63ac8b392ada', '{"action":"token_revoked","actor_id":"2ce470b1-2b5c-4992-9e95-809565b828cc","actor_username":"admin.aurevo@gmail.com","actor_via_sso":false,"log_type":"token"}', '2026-05-20 10:00:34.506274+00', ''),
	('00000000-0000-0000-0000-000000000000', '93e9a422-1541-4320-ba78-2d779db0fe0a', '{"action":"token_refreshed","actor_id":"2ce470b1-2b5c-4992-9e95-809565b828cc","actor_username":"admin.aurevo@gmail.com","actor_via_sso":false,"log_type":"token"}', '2026-05-20 18:32:58.770028+00', ''),
	('00000000-0000-0000-0000-000000000000', 'f11a2cc5-c8b4-4560-8738-6f7bf452174d', '{"action":"token_revoked","actor_id":"2ce470b1-2b5c-4992-9e95-809565b828cc","actor_username":"admin.aurevo@gmail.com","actor_via_sso":false,"log_type":"token"}', '2026-05-20 18:32:58.788645+00', ''),
	('00000000-0000-0000-0000-000000000000', 'eff61d2a-8eda-4de0-8c51-1355b94dac5f', '{"action":"token_refreshed","actor_id":"2ce470b1-2b5c-4992-9e95-809565b828cc","actor_username":"admin.aurevo@gmail.com","actor_via_sso":false,"log_type":"token"}', '2026-05-20 18:32:59.431796+00', ''),
	('00000000-0000-0000-0000-000000000000', '5264834b-023c-47f3-89d7-064a0189acb1', '{"action":"token_refreshed","actor_id":"2ce470b1-2b5c-4992-9e95-809565b828cc","actor_username":"admin.aurevo@gmail.com","actor_via_sso":false,"log_type":"token"}', '2026-05-21 03:46:53.991475+00', ''),
	('00000000-0000-0000-0000-000000000000', '178981d4-9bd5-4c94-8c4c-6c863bd58c5f', '{"action":"token_revoked","actor_id":"2ce470b1-2b5c-4992-9e95-809565b828cc","actor_username":"admin.aurevo@gmail.com","actor_via_sso":false,"log_type":"token"}', '2026-05-21 03:46:54.022663+00', ''),
	('00000000-0000-0000-0000-000000000000', 'bfd4917c-2d13-4933-b547-11465af6341f', '{"action":"token_refreshed","actor_id":"2ce470b1-2b5c-4992-9e95-809565b828cc","actor_username":"admin.aurevo@gmail.com","actor_via_sso":false,"log_type":"token"}', '2026-05-21 05:13:19.660063+00', ''),
	('00000000-0000-0000-0000-000000000000', '73375d3c-f2a8-4403-935f-29ff1c379ea8', '{"action":"token_revoked","actor_id":"2ce470b1-2b5c-4992-9e95-809565b828cc","actor_username":"admin.aurevo@gmail.com","actor_via_sso":false,"log_type":"token"}', '2026-05-21 05:13:19.677106+00', ''),
	('00000000-0000-0000-0000-000000000000', '5b40c2f3-e744-4a47-8148-234d689a99c0', '{"action":"token_refreshed","actor_id":"2ce470b1-2b5c-4992-9e95-809565b828cc","actor_username":"admin.aurevo@gmail.com","actor_via_sso":false,"log_type":"token"}', '2026-05-21 06:14:50.042828+00', ''),
	('00000000-0000-0000-0000-000000000000', 'fd099992-e276-4faa-8653-837e3782aa33', '{"action":"token_revoked","actor_id":"2ce470b1-2b5c-4992-9e95-809565b828cc","actor_username":"admin.aurevo@gmail.com","actor_via_sso":false,"log_type":"token"}', '2026-05-21 06:14:50.065269+00', ''),
	('00000000-0000-0000-0000-000000000000', '5959e27c-0039-4079-b0e9-b94b0d907c90', '{"action":"token_refreshed","actor_id":"2ce470b1-2b5c-4992-9e95-809565b828cc","actor_username":"admin.aurevo@gmail.com","actor_via_sso":false,"log_type":"token"}', '2026-05-21 07:18:15.880555+00', ''),
	('00000000-0000-0000-0000-000000000000', 'a0597ee5-4cc0-4306-999a-93f2daf5901d', '{"action":"token_revoked","actor_id":"2ce470b1-2b5c-4992-9e95-809565b828cc","actor_username":"admin.aurevo@gmail.com","actor_via_sso":false,"log_type":"token"}', '2026-05-21 07:18:15.89664+00', ''),
	('00000000-0000-0000-0000-000000000000', '56e2cbf7-3d90-4792-a6d8-3ebda5c8639e', '{"action":"token_refreshed","actor_id":"2ce470b1-2b5c-4992-9e95-809565b828cc","actor_username":"admin.aurevo@gmail.com","actor_via_sso":false,"log_type":"token"}', '2026-05-21 08:38:38.303037+00', ''),
	('00000000-0000-0000-0000-000000000000', '26caadb1-2c4e-42d2-ae02-f3bc4bf5ca9e', '{"action":"token_revoked","actor_id":"2ce470b1-2b5c-4992-9e95-809565b828cc","actor_username":"admin.aurevo@gmail.com","actor_via_sso":false,"log_type":"token"}', '2026-05-21 08:38:38.333483+00', ''),
	('00000000-0000-0000-0000-000000000000', '748c4ded-652d-47da-92e3-e6c3fce7f930', '{"action":"token_refreshed","actor_id":"2ce470b1-2b5c-4992-9e95-809565b828cc","actor_username":"admin.aurevo@gmail.com","actor_via_sso":false,"log_type":"token"}', '2026-05-21 09:38:33.092212+00', ''),
	('00000000-0000-0000-0000-000000000000', '1e462bd8-047b-4873-a2c0-0bf9d400fb56', '{"action":"token_revoked","actor_id":"2ce470b1-2b5c-4992-9e95-809565b828cc","actor_username":"admin.aurevo@gmail.com","actor_via_sso":false,"log_type":"token"}', '2026-05-21 09:38:33.125499+00', ''),
	('00000000-0000-0000-0000-000000000000', '7bca5f4d-f421-464f-b9e0-e97a162bab85', '{"action":"token_refreshed","actor_id":"2ce470b1-2b5c-4992-9e95-809565b828cc","actor_username":"admin.aurevo@gmail.com","actor_via_sso":false,"log_type":"token"}', '2026-05-21 09:38:33.978897+00', ''),
	('00000000-0000-0000-0000-000000000000', '56c3c8fb-aefb-46ee-989d-67eb4038f0af', '{"action":"token_refreshed","actor_id":"2ce470b1-2b5c-4992-9e95-809565b828cc","actor_username":"admin.aurevo@gmail.com","actor_via_sso":false,"log_type":"token"}', '2026-05-21 10:50:34.32035+00', ''),
	('00000000-0000-0000-0000-000000000000', 'd1bb4c66-4fc1-42ca-9c06-91da650b79ad', '{"action":"token_revoked","actor_id":"2ce470b1-2b5c-4992-9e95-809565b828cc","actor_username":"admin.aurevo@gmail.com","actor_via_sso":false,"log_type":"token"}', '2026-05-21 10:50:34.345363+00', ''),
	('00000000-0000-0000-0000-000000000000', 'd7a113cc-1271-4337-a32e-3d2111aa103a', '{"action":"token_refreshed","actor_id":"2ce470b1-2b5c-4992-9e95-809565b828cc","actor_username":"admin.aurevo@gmail.com","actor_via_sso":false,"log_type":"token"}', '2026-05-21 12:06:15.597448+00', ''),
	('00000000-0000-0000-0000-000000000000', 'e7d6acb8-afa4-47c0-96ec-c81c958ee17c', '{"action":"token_revoked","actor_id":"2ce470b1-2b5c-4992-9e95-809565b828cc","actor_username":"admin.aurevo@gmail.com","actor_via_sso":false,"log_type":"token"}', '2026-05-21 12:06:15.614287+00', ''),
	('00000000-0000-0000-0000-000000000000', '94f46b07-95bb-49e8-a799-ba7f499e1bbf', '{"action":"token_refreshed","actor_id":"2ce470b1-2b5c-4992-9e95-809565b828cc","actor_username":"admin.aurevo@gmail.com","actor_via_sso":false,"log_type":"token"}', '2026-05-21 14:23:39.581081+00', ''),
	('00000000-0000-0000-0000-000000000000', '88405b8a-0e98-4163-8e6d-b3d687ccb891', '{"action":"token_revoked","actor_id":"2ce470b1-2b5c-4992-9e95-809565b828cc","actor_username":"admin.aurevo@gmail.com","actor_via_sso":false,"log_type":"token"}', '2026-05-21 14:23:39.606846+00', ''),
	('00000000-0000-0000-0000-000000000000', '4f63f36d-1faa-457a-a668-833699e81f99', '{"action":"token_refreshed","actor_id":"2ce470b1-2b5c-4992-9e95-809565b828cc","actor_username":"admin.aurevo@gmail.com","actor_via_sso":false,"log_type":"token"}', '2026-05-21 14:23:40.023062+00', ''),
	('00000000-0000-0000-0000-000000000000', 'd41cdfd7-fbaf-4325-844c-cb567641801a', '{"action":"token_refreshed","actor_id":"2ce470b1-2b5c-4992-9e95-809565b828cc","actor_username":"admin.aurevo@gmail.com","actor_via_sso":false,"log_type":"token"}', '2026-05-21 15:24:03.741683+00', ''),
	('00000000-0000-0000-0000-000000000000', 'ed3fa2c9-44ac-4448-b5c2-0fe4f874a0f7', '{"action":"token_revoked","actor_id":"2ce470b1-2b5c-4992-9e95-809565b828cc","actor_username":"admin.aurevo@gmail.com","actor_via_sso":false,"log_type":"token"}', '2026-05-21 15:24:03.75901+00', ''),
	('00000000-0000-0000-0000-000000000000', '4c21a065-68eb-49d2-9faa-9e11170fe72f', '{"action":"token_refreshed","actor_id":"2ce470b1-2b5c-4992-9e95-809565b828cc","actor_username":"admin.aurevo@gmail.com","actor_via_sso":false,"log_type":"token"}', '2026-05-22 08:36:27.000085+00', ''),
	('00000000-0000-0000-0000-000000000000', 'cd121f93-3095-40ce-a6de-189be8e77ae5', '{"action":"token_revoked","actor_id":"2ce470b1-2b5c-4992-9e95-809565b828cc","actor_username":"admin.aurevo@gmail.com","actor_via_sso":false,"log_type":"token"}', '2026-05-22 08:36:27.032116+00', ''),
	('00000000-0000-0000-0000-000000000000', '19f1daaf-215d-4b53-8815-b20fac0c53d8', '{"action":"login","actor_id":"2ce470b1-2b5c-4992-9e95-809565b828cc","actor_username":"admin.aurevo@gmail.com","actor_via_sso":false,"log_type":"account","traits":{"provider":"email"}}', '2026-05-22 08:37:59.687291+00', ''),
	('00000000-0000-0000-0000-000000000000', '7929a9d5-eae2-45c4-8cbf-02f55fcff799', '{"action":"logout","actor_id":"2ce470b1-2b5c-4992-9e95-809565b828cc","actor_username":"admin.aurevo@gmail.com","actor_via_sso":false,"log_type":"account"}', '2026-05-22 08:38:22.267945+00', ''),
	('00000000-0000-0000-0000-000000000000', '70cc62e3-670e-43fc-a93e-ea995a74d02c', '{"action":"login","actor_id":"2ce470b1-2b5c-4992-9e95-809565b828cc","actor_username":"admin.aurevo@gmail.com","actor_via_sso":false,"log_type":"account","traits":{"provider":"email"}}', '2026-05-23 10:06:49.989345+00', ''),
	('00000000-0000-0000-0000-000000000000', '08ffb029-8dc9-4815-b689-ccd419300971', '{"action":"token_refreshed","actor_id":"2ce470b1-2b5c-4992-9e95-809565b828cc","actor_username":"admin.aurevo@gmail.com","actor_via_sso":false,"log_type":"token"}', '2026-05-23 11:07:12.798775+00', ''),
	('00000000-0000-0000-0000-000000000000', '6cbe7ab5-a556-4676-a7dd-1b078f1712c1', '{"action":"token_revoked","actor_id":"2ce470b1-2b5c-4992-9e95-809565b828cc","actor_username":"admin.aurevo@gmail.com","actor_via_sso":false,"log_type":"token"}', '2026-05-23 11:07:12.823678+00', ''),
	('00000000-0000-0000-0000-000000000000', '2be830b1-eb8c-4f05-a3f7-c924ac469219', '{"action":"token_refreshed","actor_id":"2ce470b1-2b5c-4992-9e95-809565b828cc","actor_username":"admin.aurevo@gmail.com","actor_via_sso":false,"log_type":"token"}', '2026-05-23 12:07:11.488834+00', ''),
	('00000000-0000-0000-0000-000000000000', 'e6db52e2-d8ca-43f4-96ae-dcfa6dc08287', '{"action":"token_revoked","actor_id":"2ce470b1-2b5c-4992-9e95-809565b828cc","actor_username":"admin.aurevo@gmail.com","actor_via_sso":false,"log_type":"token"}', '2026-05-23 12:07:11.503166+00', ''),
	('00000000-0000-0000-0000-000000000000', '1b6e2f07-d92d-43d4-9c25-c650c5f56bd0', '{"action":"token_refreshed","actor_id":"2ce470b1-2b5c-4992-9e95-809565b828cc","actor_username":"admin.aurevo@gmail.com","actor_via_sso":false,"log_type":"token"}', '2026-05-24 08:57:03.421032+00', ''),
	('00000000-0000-0000-0000-000000000000', '5e961b9f-5849-4487-94ae-da5da973cda5', '{"action":"token_revoked","actor_id":"2ce470b1-2b5c-4992-9e95-809565b828cc","actor_username":"admin.aurevo@gmail.com","actor_via_sso":false,"log_type":"token"}', '2026-05-24 08:57:03.438539+00', ''),
	('00000000-0000-0000-0000-000000000000', '371a0836-2765-43f8-84c1-3d3ec9c3925f', '{"action":"login","actor_id":"2ce470b1-2b5c-4992-9e95-809565b828cc","actor_username":"admin.aurevo@gmail.com","actor_via_sso":false,"log_type":"account","traits":{"provider":"email"}}', '2026-05-24 13:39:38.891378+00', ''),
	('00000000-0000-0000-0000-000000000000', '130bb2ce-a35f-476f-ac79-e1d8eac5cc25', '{"action":"logout","actor_id":"2ce470b1-2b5c-4992-9e95-809565b828cc","actor_username":"admin.aurevo@gmail.com","actor_via_sso":false,"log_type":"account"}', '2026-05-24 13:46:32.645254+00', ''),
	('00000000-0000-0000-0000-000000000000', '199cf852-7a99-4b2c-a760-b975ede32999', '{"action":"login","actor_id":"2ce470b1-2b5c-4992-9e95-809565b828cc","actor_username":"admin.aurevo@gmail.com","actor_via_sso":false,"log_type":"account","traits":{"provider":"email"}}', '2026-05-24 17:27:16.132711+00', ''),
	('00000000-0000-0000-0000-000000000000', 'b0faed98-1404-4314-a563-94e1d4de041d', '{"action":"login","actor_id":"2ce470b1-2b5c-4992-9e95-809565b828cc","actor_username":"admin.aurevo@gmail.com","actor_via_sso":false,"log_type":"account","traits":{"provider":"email"}}', '2026-05-29 16:37:59.910057+00', ''),
	('00000000-0000-0000-0000-000000000000', '4df27cee-2bf8-4e93-bf93-3ab4d870c7be', '{"action":"token_refreshed","actor_id":"2ce470b1-2b5c-4992-9e95-809565b828cc","actor_username":"admin.aurevo@gmail.com","actor_via_sso":false,"log_type":"token"}', '2026-06-20 05:21:11.289188+00', ''),
	('00000000-0000-0000-0000-000000000000', 'b2e29716-6ad6-4c47-b924-e38e1864ec2d', '{"action":"token_revoked","actor_id":"2ce470b1-2b5c-4992-9e95-809565b828cc","actor_username":"admin.aurevo@gmail.com","actor_via_sso":false,"log_type":"token"}', '2026-06-20 05:21:11.314886+00', ''),
	('00000000-0000-0000-0000-000000000000', '5c582870-1f6d-4764-97b6-9eaf63c4536a', '{"action":"token_refreshed","actor_id":"2ce470b1-2b5c-4992-9e95-809565b828cc","actor_username":"admin.aurevo@gmail.com","actor_via_sso":false,"log_type":"token"}', '2026-06-20 09:09:41.045046+00', ''),
	('00000000-0000-0000-0000-000000000000', 'e5aced99-525e-4ff6-920c-334ddc63389d', '{"action":"token_revoked","actor_id":"2ce470b1-2b5c-4992-9e95-809565b828cc","actor_username":"admin.aurevo@gmail.com","actor_via_sso":false,"log_type":"token"}', '2026-06-20 09:09:41.058444+00', ''),
	('00000000-0000-0000-0000-000000000000', 'd5675ad5-5317-4a7b-af36-0e9546fd7792', '{"action":"token_refreshed","actor_id":"2ce470b1-2b5c-4992-9e95-809565b828cc","actor_username":"admin.aurevo@gmail.com","actor_via_sso":false,"log_type":"token"}', '2026-06-21 07:17:18.577197+00', ''),
	('00000000-0000-0000-0000-000000000000', '25ca42af-3892-4bb6-a8f0-44586442544b', '{"action":"token_revoked","actor_id":"2ce470b1-2b5c-4992-9e95-809565b828cc","actor_username":"admin.aurevo@gmail.com","actor_via_sso":false,"log_type":"token"}', '2026-06-21 07:17:18.603645+00', '');


--
-- Data for Name: custom_oauth_providers; Type: TABLE DATA; Schema: auth; Owner: supabase_auth_admin
--



--
-- Data for Name: flow_state; Type: TABLE DATA; Schema: auth; Owner: supabase_auth_admin
--

INSERT INTO "auth"."flow_state" ("id", "user_id", "auth_code", "code_challenge_method", "code_challenge", "provider_type", "provider_access_token", "provider_refresh_token", "created_at", "updated_at", "authentication_method", "auth_code_issued_at", "invite_token", "referrer", "oauth_client_state_id", "linking_target_id", "email_optional") VALUES
	('c81f1b40-971e-42c9-8e51-cb59b598fd93', NULL, NULL, NULL, NULL, 'facebook', '', '', '2026-05-12 15:07:46.746227+00', '2026-05-12 15:07:46.746227+00', 'oauth', NULL, NULL, 'https://aurevofashion.store', NULL, NULL, false),
	('3edc29ba-6c0a-4b33-89e8-47b4e353daf9', NULL, NULL, NULL, NULL, 'facebook', '', '', '2026-05-12 15:09:16.247568+00', '2026-05-12 15:09:16.247568+00', 'oauth', NULL, NULL, 'https://aurevofashion.store', NULL, NULL, false),
	('e15b5b77-8475-40f5-a0d4-4c04ac4f3d8b', NULL, NULL, NULL, NULL, 'facebook', '', '', '2026-05-12 15:15:54.914445+00', '2026-05-12 15:15:54.914445+00', 'oauth', NULL, NULL, 'https://aurevofashion.store', NULL, NULL, false),
	('135da3a3-28ef-41b8-904d-dd9514e0ef7c', NULL, NULL, NULL, NULL, 'facebook', '', '', '2026-05-12 15:44:23.572451+00', '2026-05-12 15:44:23.572451+00', 'oauth', NULL, NULL, 'http://localhost:5173/', NULL, NULL, false),
	('25bb2ae9-b604-4d6c-a295-8e8a7138f9e0', NULL, NULL, NULL, NULL, 'facebook', '', '', '2026-05-12 15:51:16.601454+00', '2026-05-12 15:51:16.601454+00', 'oauth', NULL, NULL, 'http://localhost:5173/', NULL, NULL, false),
	('37a4534f-4e02-4e0f-aa03-b2c6f9701622', NULL, NULL, NULL, NULL, 'google', '', '', '2026-05-13 09:16:16.44861+00', '2026-05-13 09:16:16.44861+00', 'oauth', NULL, NULL, 'https://aurevofashion.store/dashboard', NULL, NULL, false),
	('98d130f8-7e6d-4ad8-a8c5-51011fd9e207', NULL, NULL, NULL, NULL, 'facebook', '', '', '2026-05-13 09:16:22.122664+00', '2026-05-13 09:16:22.122664+00', 'oauth', NULL, NULL, 'https://aurevofashion.store/dashboard', NULL, NULL, true),
	('5507840c-daab-443e-af8d-5947171b2eea', NULL, NULL, NULL, NULL, 'facebook', '', '', '2026-05-13 09:16:35.997721+00', '2026-05-13 09:16:35.997721+00', 'oauth', NULL, NULL, 'https://aurevofashion.store/dashboard', NULL, NULL, true),
	('93183226-3426-470d-90be-55184647a8d5', NULL, NULL, NULL, NULL, 'google', '', '', '2026-05-13 13:18:14.895846+00', '2026-05-13 13:18:14.895846+00', 'oauth', NULL, NULL, 'http://localhost:5173/', NULL, NULL, false);


--
-- Data for Name: users; Type: TABLE DATA; Schema: auth; Owner: supabase_auth_admin
--

INSERT INTO "auth"."users" ("instance_id", "id", "aud", "role", "email", "encrypted_password", "email_confirmed_at", "invited_at", "confirmation_token", "confirmation_sent_at", "recovery_token", "recovery_sent_at", "email_change_token_new", "email_change", "email_change_sent_at", "last_sign_in_at", "raw_app_meta_data", "raw_user_meta_data", "is_super_admin", "created_at", "updated_at", "phone", "phone_confirmed_at", "phone_change", "phone_change_token", "phone_change_sent_at", "email_change_token_current", "email_change_confirm_status", "banned_until", "reauthentication_token", "reauthentication_sent_at", "is_sso_user", "deleted_at", "is_anonymous") VALUES
	('00000000-0000-0000-0000-000000000000', '2ce470b1-2b5c-4992-9e95-809565b828cc', 'authenticated', 'authenticated', 'admin.aurevo@gmail.com', '$2a$10$nx5GW9HtMba6lH4qtqQ81.bLGAAbPgAbD9M7LvhR.rftqB5u0aLFe', '2025-09-29 10:10:18.621886+00', NULL, '', NULL, '', NULL, '', '', NULL, '2026-05-29 16:37:59.934146+00', '{"provider": "email", "providers": ["email"]}', '{"email_verified": true}', NULL, '2025-09-29 10:10:18.58264+00', '2026-06-21 07:17:18.642881+00', NULL, NULL, '', '', NULL, '', 0, NULL, '', NULL, false, NULL, false),
	('00000000-0000-0000-0000-000000000000', 'ad35caf6-8a09-4443-8ce9-352aab4805e8', 'authenticated', 'authenticated', 'stnnedarif@gmail.com', '$2a$10$2MMhw.O.pdNixpuyIFPCYOXQcB5Pt76WySqIQ5tDoLVvGFA6DiX/W', NULL, NULL, 'e2b8388d5d47a78f2611f8a34c7e9427b2c50c54c2341f314cf08252', '2025-10-01 13:38:08.667835+00', '', NULL, '', '', NULL, NULL, '{"provider": "email", "providers": ["email"]}', '{"sub": "ad35caf6-8a09-4443-8ce9-352aab4805e8", "email": "stnnedarif@gmail.com", "phone": "01840300379", "last_name": "Alam", "first_name": "Nurul", "email_verified": false, "phone_verified": false}', NULL, '2025-10-01 13:38:08.619557+00', '2025-10-01 13:38:11.480474+00', NULL, NULL, '', '', NULL, '', 0, NULL, '', NULL, false, NULL, false),
	('00000000-0000-0000-0000-000000000000', 'f2f488de-abd6-42d2-98ad-7e6310f3d3e4', 'authenticated', 'authenticated', 'stunnedarif@gmail.com', '$2a$10$KJCTiVkLo6H4TR/G0xfacu5ArtkDybBn./l5EQYwyOOCbUFN89.HK', NULL, NULL, 'a2b5a7307eb937fc6ff8125d398ab0ec2556a1e7684ce6a434e0dde0', '2025-10-01 14:30:49.341866+00', '', NULL, '', '', NULL, NULL, '{"provider": "email", "providers": ["email"]}', '{"sub": "f2f488de-abd6-42d2-98ad-7e6310f3d3e4", "email": "stunnedarif@gmail.com", "phone": "01840809000", "last_name": "hossen", "first_name": "monju", "email_verified": false, "phone_verified": false}', NULL, '2025-10-01 12:25:30.885893+00', '2025-10-01 14:30:52.129459+00', NULL, NULL, '', '', NULL, '', 0, NULL, '', NULL, false, NULL, false),
	('00000000-0000-0000-0000-000000000000', '9c4337df-7bb1-4c01-ba8c-77bcd0bddf4c', 'authenticated', 'authenticated', NULL, '', NULL, NULL, '', NULL, '', NULL, '', '', NULL, '2026-05-12 16:46:20.337897+00', '{"provider": "facebook", "providers": ["facebook"]}', '{"iss": "https://graph.facebook.com/me?fields=email,first_name,last_name,name,picture", "sub": "4276317382682363", "name": "Nurul Alam", "slug": "Nurul Alam", "picture": "https://platform-lookaside.fbsbx.com/platform/profilepic/?asid=4276317382682363&height=50&width=50&ext=1781196380&hash=Aftji4uynOr84VXZDRlBNnlc", "nickname": "Nurul Alam", "full_name": "Nurul Alam", "avatar_url": "https://platform-lookaside.fbsbx.com/platform/profilepic/?asid=4276317382682363&height=50&width=50&ext=1781196380&hash=Aftji4uynOr84VXZDRlBNnlc", "provider_id": "4276317382682363", "email_verified": false, "phone_verified": false}', NULL, '2026-05-12 16:11:39.965358+00', '2026-05-12 16:46:20.340207+00', NULL, NULL, '', '', NULL, '', 0, NULL, '', NULL, false, NULL, false),
	('00000000-0000-0000-0000-000000000000', 'f0d28cc4-4efa-45cb-a42f-2e8fe2bfe997', 'authenticated', 'authenticated', 'nridoy018@gmail.com', '$2a$10$WfxlCxqO6uzwk1/mZVMe2OgSwPRw3yU2UDh/GI4VenhgMHfJ.c.WC', '2025-09-29 21:09:07.67101+00', NULL, '', '2025-09-29 21:07:55.457796+00', '', NULL, '', '', NULL, '2025-09-29 21:09:23.66304+00', '{"provider": "email", "providers": ["email"]}', '{"sub": "f0d28cc4-4efa-45cb-a42f-2e8fe2bfe997", "email": "nridoy018@gmail.com", "last_name": "ahmed", "first_name": "monju", "email_verified": true, "phone_verified": false}', NULL, '2025-09-29 21:07:55.413957+00', '2025-09-30 08:48:56.835826+00', NULL, NULL, '', '', NULL, '', 0, NULL, '', NULL, false, NULL, false),
	('00000000-0000-0000-0000-000000000000', 'e41e486e-78a0-4f59-b64c-f9a52b17e3aa', 'authenticated', 'authenticated', 'aurevofashion88@gmail.com', NULL, '2026-05-12 16:25:36.089135+00', NULL, '', NULL, '', NULL, '', '', NULL, '2026-05-14 13:35:10.791826+00', '{"provider": "google", "providers": ["google"]}', '{"iss": "https://accounts.google.com", "sub": "116575567610019217081", "name": "Aurevo Fashion", "email": "aurevofashion88@gmail.com", "picture": "https://lh3.googleusercontent.com/a/ACg8ocLVTKjWkm1RIOFgO3aCBWGUAc2TFM6_r24MsHeUiloFJ_7x6dQ=s96-c", "full_name": "Aurevo Fashion", "avatar_url": "https://lh3.googleusercontent.com/a/ACg8ocLVTKjWkm1RIOFgO3aCBWGUAc2TFM6_r24MsHeUiloFJ_7x6dQ=s96-c", "provider_id": "116575567610019217081", "email_verified": true, "phone_verified": false}', NULL, '2026-05-12 16:25:35.986033+00', '2026-05-14 15:16:26.812531+00', NULL, NULL, '', '', NULL, '', 0, NULL, '', NULL, false, NULL, false);


--
-- Data for Name: identities; Type: TABLE DATA; Schema: auth; Owner: supabase_auth_admin
--

INSERT INTO "auth"."identities" ("provider_id", "user_id", "identity_data", "provider", "last_sign_in_at", "created_at", "updated_at", "id") VALUES
	('2ce470b1-2b5c-4992-9e95-809565b828cc', '2ce470b1-2b5c-4992-9e95-809565b828cc', '{"sub": "2ce470b1-2b5c-4992-9e95-809565b828cc", "email": "admin.aurevo@gmail.com", "email_verified": false, "phone_verified": false}', 'email', '2025-09-29 10:10:18.605161+00', '2025-09-29 10:10:18.607229+00', '2025-09-29 10:10:18.607229+00', '33a7a75e-bbd8-4e34-b8bd-4fa0bde6e771'),
	('f0d28cc4-4efa-45cb-a42f-2e8fe2bfe997', 'f0d28cc4-4efa-45cb-a42f-2e8fe2bfe997', '{"sub": "f0d28cc4-4efa-45cb-a42f-2e8fe2bfe997", "email": "nridoy018@gmail.com", "last_name": "ahmed", "first_name": "monju", "email_verified": true, "phone_verified": false}', 'email', '2025-09-29 21:07:55.446388+00', '2025-09-29 21:07:55.446449+00', '2025-09-29 21:07:55.446449+00', '8553e0a9-790a-463e-b783-e105ee6afa78'),
	('f2f488de-abd6-42d2-98ad-7e6310f3d3e4', 'f2f488de-abd6-42d2-98ad-7e6310f3d3e4', '{"sub": "f2f488de-abd6-42d2-98ad-7e6310f3d3e4", "email": "stunnedarif@gmail.com", "phone": "01840809000", "last_name": "hossen", "first_name": "monju", "email_verified": false, "phone_verified": false}', 'email', '2025-10-01 12:25:30.936741+00', '2025-10-01 12:25:30.936806+00', '2025-10-01 12:25:30.936806+00', '3de50979-0644-4791-aeea-2be8ee3fd752'),
	('ad35caf6-8a09-4443-8ce9-352aab4805e8', 'ad35caf6-8a09-4443-8ce9-352aab4805e8', '{"sub": "ad35caf6-8a09-4443-8ce9-352aab4805e8", "email": "stnnedarif@gmail.com", "phone": "01840300379", "last_name": "Alam", "first_name": "Nurul", "email_verified": false, "phone_verified": false}', 'email', '2025-10-01 13:38:08.649789+00', '2025-10-01 13:38:08.649845+00', '2025-10-01 13:38:08.649845+00', '7752c53e-2380-49b3-9350-e28cd8a0bd80'),
	('4276317382682363', '9c4337df-7bb1-4c01-ba8c-77bcd0bddf4c', '{"iss": "https://graph.facebook.com/me?fields=email,first_name,last_name,name,picture", "sub": "4276317382682363", "name": "Nurul Alam", "slug": "Nurul Alam", "picture": "https://platform-lookaside.fbsbx.com/platform/profilepic/?asid=4276317382682363&height=50&width=50&ext=1781196380&hash=Aftji4uynOr84VXZDRlBNnlc", "nickname": "Nurul Alam", "full_name": "Nurul Alam", "avatar_url": "https://platform-lookaside.fbsbx.com/platform/profilepic/?asid=4276317382682363&height=50&width=50&ext=1781196380&hash=Aftji4uynOr84VXZDRlBNnlc", "provider_id": "4276317382682363", "email_verified": false, "phone_verified": false}', 'facebook', '2026-05-12 16:11:40.018241+00', '2026-05-12 16:11:40.018294+00', '2026-05-12 16:46:20.334834+00', 'aa0e92bf-4313-468c-8068-0a954fa9b6c0'),
	('116575567610019217081', 'e41e486e-78a0-4f59-b64c-f9a52b17e3aa', '{"iss": "https://accounts.google.com", "sub": "116575567610019217081", "name": "Aurevo Fashion", "email": "aurevofashion88@gmail.com", "picture": "https://lh3.googleusercontent.com/a/ACg8ocLVTKjWkm1RIOFgO3aCBWGUAc2TFM6_r24MsHeUiloFJ_7x6dQ=s96-c", "full_name": "Aurevo Fashion", "avatar_url": "https://lh3.googleusercontent.com/a/ACg8ocLVTKjWkm1RIOFgO3aCBWGUAc2TFM6_r24MsHeUiloFJ_7x6dQ=s96-c", "provider_id": "116575567610019217081", "email_verified": true, "phone_verified": false}', 'google', '2026-05-12 16:25:36.077834+00', '2026-05-12 16:25:36.077888+00', '2026-05-14 13:35:10.768489+00', '12d47603-c376-4725-acbe-4dfe3e0a278d');


--
-- Data for Name: instances; Type: TABLE DATA; Schema: auth; Owner: supabase_auth_admin
--



--
-- Data for Name: oauth_clients; Type: TABLE DATA; Schema: auth; Owner: supabase_auth_admin
--



--
-- Data for Name: sessions; Type: TABLE DATA; Schema: auth; Owner: supabase_auth_admin
--

INSERT INTO "auth"."sessions" ("id", "user_id", "created_at", "updated_at", "factor_id", "aal", "not_after", "refreshed_at", "user_agent", "ip", "tag", "oauth_client_id", "refresh_token_hmac_key", "refresh_token_counter", "scopes") VALUES
	('d7bc2496-3e40-48f8-b09d-2340d511325f', 'f0d28cc4-4efa-45cb-a42f-2e8fe2bfe997', '2025-09-29 21:09:07.674685+00', '2025-09-29 21:09:07.674685+00', NULL, 'aal1', NULL, NULL, 'Mozilla/5.0 (Windows NT 10.0; Win64; x64) AppleWebKit/537.36 (KHTML, like Gecko) Chrome/140.0.0.0 Safari/537.36', '103.54.109.226', NULL, NULL, NULL, NULL, NULL),
	('d166e3d9-7487-4f88-84f3-875c55bc1d2d', 'f0d28cc4-4efa-45cb-a42f-2e8fe2bfe997', '2025-09-29 21:09:23.663648+00', '2025-09-30 08:48:56.844651+00', NULL, 'aal1', NULL, '2025-09-30 08:48:56.844561', 'Mozilla/5.0 (Windows NT 10.0; Win64; x64) AppleWebKit/537.36 (KHTML, like Gecko) Chrome/140.0.0.0 Safari/537.36', '103.137.160.34', NULL, NULL, NULL, NULL, NULL),
	('8c3b233b-1067-4162-9942-fd5faf10373e', '2ce470b1-2b5c-4992-9e95-809565b828cc', '2026-05-24 17:27:16.155766+00', '2026-05-24 17:27:16.155766+00', NULL, 'aal1', NULL, NULL, 'Mozilla/5.0 (Windows NT 10.0; Win64; x64) AppleWebKit/537.36 (KHTML, like Gecko) Chrome/148.0.0.0 Safari/537.36', '103.136.106.95', NULL, NULL, NULL, NULL, NULL),
	('fe404cef-0e1e-41d8-85b0-f86c2f96c75c', '2ce470b1-2b5c-4992-9e95-809565b828cc', '2026-05-29 16:37:59.935173+00', '2026-06-21 07:17:18.655428+00', NULL, 'aal1', NULL, '2026-06-21 07:17:18.65531', 'Mozilla/5.0 (Windows NT 10.0; Win64; x64) AppleWebKit/537.36 (KHTML, like Gecko) Chrome/148.0.0.0 Safari/537.36', '43.246.201.130', NULL, NULL, NULL, NULL, NULL);


--
-- Data for Name: mfa_amr_claims; Type: TABLE DATA; Schema: auth; Owner: supabase_auth_admin
--

INSERT INTO "auth"."mfa_amr_claims" ("session_id", "created_at", "updated_at", "authentication_method", "id") VALUES
	('d7bc2496-3e40-48f8-b09d-2340d511325f', '2025-09-29 21:09:07.679403+00', '2025-09-29 21:09:07.679403+00', 'otp', '5a3f945d-471d-4a07-badf-e74d89dd2b1b'),
	('d166e3d9-7487-4f88-84f3-875c55bc1d2d', '2025-09-29 21:09:23.666315+00', '2025-09-29 21:09:23.666315+00', 'password', '78ce807f-2747-4d4b-9de2-8e61483bb4ac'),
	('8c3b233b-1067-4162-9942-fd5faf10373e', '2026-05-24 17:27:16.227204+00', '2026-05-24 17:27:16.227204+00', 'password', 'd1d475b6-e8e4-45f6-91bf-6c1dd89c7544'),
	('fe404cef-0e1e-41d8-85b0-f86c2f96c75c', '2026-05-29 16:38:00.006668+00', '2026-05-29 16:38:00.006668+00', 'password', '628e53fe-9651-43c5-be16-714979da6ba0');


--
-- Data for Name: mfa_factors; Type: TABLE DATA; Schema: auth; Owner: supabase_auth_admin
--



--
-- Data for Name: mfa_challenges; Type: TABLE DATA; Schema: auth; Owner: supabase_auth_admin
--



--
-- Data for Name: oauth_authorizations; Type: TABLE DATA; Schema: auth; Owner: supabase_auth_admin
--



--
-- Data for Name: oauth_client_states; Type: TABLE DATA; Schema: auth; Owner: supabase_auth_admin
--



--
-- Data for Name: oauth_consents; Type: TABLE DATA; Schema: auth; Owner: supabase_auth_admin
--



--
-- Data for Name: one_time_tokens; Type: TABLE DATA; Schema: auth; Owner: supabase_auth_admin
--

INSERT INTO "auth"."one_time_tokens" ("id", "user_id", "token_type", "token_hash", "relates_to", "created_at", "updated_at") VALUES
	('1b8c31a7-ac3c-49ab-8609-446e688b06db', 'ad35caf6-8a09-4443-8ce9-352aab4805e8', 'confirmation_token', 'e2b8388d5d47a78f2611f8a34c7e9427b2c50c54c2341f314cf08252', 'stnnedarif@gmail.com', '2025-10-01 13:38:11.485416', '2025-10-01 13:38:11.485416'),
	('531d6045-aa6b-41a1-9916-b90ba5a88f9f', 'f2f488de-abd6-42d2-98ad-7e6310f3d3e4', 'confirmation_token', 'a2b5a7307eb937fc6ff8125d398ab0ec2556a1e7684ce6a434e0dde0', 'stunnedarif@gmail.com', '2025-10-01 14:30:52.143188', '2025-10-01 14:30:52.143188');


--
-- Data for Name: refresh_tokens; Type: TABLE DATA; Schema: auth; Owner: supabase_auth_admin
--

INSERT INTO "auth"."refresh_tokens" ("instance_id", "id", "token", "user_id", "revoked", "created_at", "updated_at", "parent", "session_id") VALUES
	('00000000-0000-0000-0000-000000000000', 6, 'gskuzfobcvhl', 'f0d28cc4-4efa-45cb-a42f-2e8fe2bfe997', false, '2025-09-29 21:09:07.676619+00', '2025-09-29 21:09:07.676619+00', NULL, 'd7bc2496-3e40-48f8-b09d-2340d511325f'),
	('00000000-0000-0000-0000-000000000000', 7, '4xzv7kenggr2', 'f0d28cc4-4efa-45cb-a42f-2e8fe2bfe997', true, '2025-09-29 21:09:23.664423+00', '2025-09-30 08:48:56.802222+00', NULL, 'd166e3d9-7487-4f88-84f3-875c55bc1d2d'),
	('00000000-0000-0000-0000-000000000000', 8, 'rp3sqvikquu5', 'f0d28cc4-4efa-45cb-a42f-2e8fe2bfe997', false, '2025-09-30 08:48:56.823816+00', '2025-09-30 08:48:56.823816+00', '4xzv7kenggr2', 'd166e3d9-7487-4f88-84f3-875c55bc1d2d'),
	('00000000-0000-0000-0000-000000000000', 217, 'h5ooj2arqegd', '2ce470b1-2b5c-4992-9e95-809565b828cc', false, '2026-05-24 17:27:16.189312+00', '2026-05-24 17:27:16.189312+00', NULL, '8c3b233b-1067-4162-9942-fd5faf10373e'),
	('00000000-0000-0000-0000-000000000000', 218, 'gcj4a6z7hpre', '2ce470b1-2b5c-4992-9e95-809565b828cc', true, '2026-05-29 16:37:59.964865+00', '2026-06-20 05:21:11.316855+00', NULL, 'fe404cef-0e1e-41d8-85b0-f86c2f96c75c'),
	('00000000-0000-0000-0000-000000000000', 219, 'v4ogcx6zbeci', '2ce470b1-2b5c-4992-9e95-809565b828cc', true, '2026-06-20 05:21:11.3395+00', '2026-06-20 09:09:41.059779+00', 'gcj4a6z7hpre', 'fe404cef-0e1e-41d8-85b0-f86c2f96c75c'),
	('00000000-0000-0000-0000-000000000000', 220, '3vbucfzk2r4p', '2ce470b1-2b5c-4992-9e95-809565b828cc', true, '2026-06-20 09:09:41.075415+00', '2026-06-21 07:17:18.606062+00', 'v4ogcx6zbeci', 'fe404cef-0e1e-41d8-85b0-f86c2f96c75c'),
	('00000000-0000-0000-0000-000000000000', 221, 'yvtfzrmvrjyq', '2ce470b1-2b5c-4992-9e95-809565b828cc', false, '2026-06-21 07:17:18.63053+00', '2026-06-21 07:17:18.63053+00', '3vbucfzk2r4p', 'fe404cef-0e1e-41d8-85b0-f86c2f96c75c');


--
-- Data for Name: sso_providers; Type: TABLE DATA; Schema: auth; Owner: supabase_auth_admin
--



--
-- Data for Name: saml_providers; Type: TABLE DATA; Schema: auth; Owner: supabase_auth_admin
--



--
-- Data for Name: saml_relay_states; Type: TABLE DATA; Schema: auth; Owner: supabase_auth_admin
--



--
-- Data for Name: sso_domains; Type: TABLE DATA; Schema: auth; Owner: supabase_auth_admin
--



--
-- Data for Name: webauthn_challenges; Type: TABLE DATA; Schema: auth; Owner: supabase_auth_admin
--



--
-- Data for Name: webauthn_credentials; Type: TABLE DATA; Schema: auth; Owner: supabase_auth_admin
--



--
-- Data for Name: brands; Type: TABLE DATA; Schema: public; Owner: postgres
--

INSERT INTO "public"."brands" ("id", "name", "slug", "description", "logo_url", "website_url", "is_active", "created_at", "updated_at") VALUES
	('a55b6fce-fbf8-4121-9825-feb898bd1f24', 'Nike', 'nike', '', NULL, NULL, true, '2026-05-13 16:45:41.977475+00', '2026-05-13 16:45:41.977475+00');


--
-- Data for Name: categories; Type: TABLE DATA; Schema: public; Owner: postgres
--

INSERT INTO "public"."categories" ("id", "name", "slug", "description", "parent_id", "image_url", "sort_order", "is_active", "created_at", "updated_at") VALUES
	('32bc639e-153f-46bc-83bd-a86b6d0d8e58', 'SNEAKERS', 'sneakers', '', NULL, 'https://bwcbcmeftplyljgcacvr.supabase.co/storage/v1/object/public/product-images/categories/32bc639e-153f-46bc-83bd-a86b6d0d8e58/cover.png', 1, true, '2026-05-13 09:52:10.911398+00', '2026-05-15 06:46:06.911233+00'),
	('dec4edb1-4b15-4842-a00f-5392e3d04797', 'CAP', 'mans', '', NULL, 'https://bwcbcmeftplyljgcacvr.supabase.co/storage/v1/object/public/product-images/categories/dec4edb1-4b15-4842-a00f-5392e3d04797/cover.png', 2, true, '2026-05-13 14:35:49.512868+00', '2026-05-15 06:46:15.821441+00'),
	('46241d06-88ee-40e4-981e-ffb99b7239e5', 'T-SHART', 't-shart', '', NULL, 'https://bwcbcmeftplyljgcacvr.supabase.co/storage/v1/object/public/product-images/categories/46241d06-88ee-40e4-981e-ffb99b7239e5/cover.png', 3, true, '2026-05-13 13:03:42.754526+00', '2026-05-15 06:46:25.682178+00'),
	('6f94fe7d-5e4b-4c12-825f-f5a4dc667d47', 'FORMAL SHOE', 'formal-shoe', '', NULL, 'https://bwcbcmeftplyljgcacvr.supabase.co/storage/v1/object/public/product-images/categories/6f94fe7d-5e4b-4c12-825f-f5a4dc667d47/cover.png', 6, true, '2026-05-13 15:06:04.053278+00', '2026-05-15 06:46:36.120189+00'),
	('589b943c-8f16-4ba1-bc6e-afe96f544a31', 'PANJABI', 'panjabi', '', NULL, 'https://bwcbcmeftplyljgcacvr.supabase.co/storage/v1/object/public/product-images/categories/589b943c-8f16-4ba1-bc6e-afe96f544a31/cover.png', 4, true, '2026-05-13 13:01:40.629495+00', '2026-05-15 06:46:50.028492+00'),
	('bf775c28-42fe-4d7b-a35c-b78a0e451932', 'PANT', 'pant', '', NULL, 'https://bwcbcmeftplyljgcacvr.supabase.co/storage/v1/object/public/product-images/categories/bf775c28-42fe-4d7b-a35c-b78a0e451932/cover.png', 5, true, '2026-05-13 13:09:56.336459+00', '2026-05-15 06:47:00.858809+00');


--
-- Data for Name: products; Type: TABLE DATA; Schema: public; Owner: postgres
--

INSERT INTO "public"."products" ("id", "name", "slug", "description", "short_description", "sku", "category_id", "brand_id", "gender", "material", "care_instructions", "weight", "dimensions", "base_price", "compare_at_price", "is_active", "is_featured", "is_digital", "requires_shipping", "track_inventory", "allow_backorder", "min_order_quantity", "max_order_quantity", "meta_title", "meta_description", "tags", "created_at", "updated_at", "stock_quantity", "low_stock_threshold") VALUES
	('76136b79-e4ec-4201-961b-c66f3eb4d6a3', 'Nike Air Force 1 Shoes Triple White', 'aurevo-air force1-triple white-sneakers', 'They feature a clean, white-on-white leather upper with a perforated toe box for breathability and a sturdy rubber cupsole.
•	1982 (The Debut): Designed by Bruce Kilgore, the silhouette launched exclusively as a high-top sneaker. It was named after the U.S. President''s aircraft. This was the first basketball shoe to feature Nike Air technology for impact cushioning. The original marketing campaign featured the "Original Six" NBA players.
•	1983 (Introduction of the Low): Nike introduced the popular low-top version to provide more casual lifestyle appeal and greater ankle mobility.
•	1984 (The Near Discontinuation): Nike initially planned to discontinue the silhouette. However, massive demand from three Baltimore retailers—who proposed an exclusive "Color of the Month" club—convinced Nike to keep producing the shoe, effectively birth of the modern "retro" sneaker sneaker culture.
•	1990s (The "Triple White" Era & Hip-Hop Evolution): The legendary solid all-white ("white-on-white") version debuted. It became heavily embedded in East Coast hip-hop fashion, earning the nickname "Uptowns" due to its ubiquity in Harlem, New York.
•	2000s–Present (Global Pop Culture Icon): The shoe''s cultural relevance exploded globally, bolstered by musical tributes like rapper Nelly’s 2002 hit song “Air Force Ones”. It remains Nike''s best-selling sneaker of all time, having generated thousands of color variations and high-profile collaborations with luxury houses and artists.
', 'Clean triple white sneakers for casual and streetwear fashion.', 'NK-AF1-W', '32bc639e-153f-46bc-83bd-a86b6d0d8e58', 'a55b6fce-fbf8-4121-9825-feb898bd1f24', 'men', '', '', NULL, NULL, 2450.00, 3090.00, true, false, false, true, true, false, 1, NULL, '', '', '{#SneakersBD,#womenSneakers,#Sneaker}', '2026-05-14 12:39:16.492397+00', '2026-05-24 13:45:03.865549+00', 28, 10),
	('bce88844-5ee7-4cbd-b5df-558c5ada052c', 'Nike x Louis Vuitton Air Force 1 Low "White/Blue"', 'nike-x-louis-vuitton-air-force-1-low-white-blue', 'The Louis Vuitton x Nike Air Force 1 Low features white premium leather paneled with blue Monogram denim overlay textiles. Crafted by hand in Fiesso d''Artico, Italy, this sneaker merges iconic streetwear aesthetics with high-fashion luxury craftsmanship.', 'The Nike x Louis Vuitton Air Force 1 Low "White/Blue" Mini Swoosh is now available at AUREVO FASHION!', 'NK-AF1-LV', '32bc639e-153f-46bc-83bd-a86b6d0d8e58', 'a55b6fce-fbf8-4121-9825-feb898bd1f24', 'men', '', '', NULL, NULL, 2490.00, 3190.00, true, false, false, true, true, false, 1, NULL, '', '', '{"Louis Vuitton",Sneakers,Nike}', '2026-05-14 15:31:33.924355+00', '2026-05-24 13:43:49.352858+00', 28, 10),
	('0e642c4c-b19f-442c-9948-610274292a0b', 'Nike Air Force 1 Low White Light Armory Blue Mini Swoosh', 'nike-air-force-1-low-white-light-armory-blue-mini-swoosh', 'The Nike Air Force 1 Low White Light Armory Blue Mini Swoosh (Women''s) is now available at AUREVO FASHION!', 'The Nike Air Force 1 Low White Light Armory Blue Mini Swoosh (Women''s) is now available at AUREVO FASHION!', 'NK-AF1-SKY-B', '32bc639e-153f-46bc-83bd-a86b6d0d8e58', 'a55b6fce-fbf8-4121-9825-feb898bd1f24', 'women', '', '', NULL, NULL, 2450.00, 3090.00, true, false, false, true, true, false, 1, NULL, '', '', '{women,sneakers,"air force1"}', '2026-05-14 13:45:35.85979+00', '2026-05-24 13:44:38.345888+00', 28, 10),
	('c30c27d9-1271-4b72-8ac5-2553e188b581', 'Nike Vomero 18  running Shoes 1.1', 'nike-vomero-18', 'The Nike Vomero 18 is a premium, maximum-cushion road running shoe engineered to deliver a highly cushioned, stable, and responsive ride. It is optimized for daily training, recovery days, and long-distance runs like marathons.
', 'The Nike Vomero 18 Running shoe is now available at AUREVO FASHION!', 'NK-VO-18-OR', '32bc639e-153f-46bc-83bd-a86b6d0d8e58', 'a55b6fce-fbf8-4121-9825-feb898bd1f24', 'unisex', '', '', NULL, NULL, 2550.00, 3390.00, true, false, false, true, true, false, 1, NULL, '', '', '{"Nike Vomero 18",Running,Sneakers}', '2026-05-15 11:24:37.06546+00', '2026-05-24 13:45:24.412963+00', 28, 10),
	('6a4645b0-f9b5-4fd4-82c9-3b02d9d9f42f', 'Air Jordan 1 Retro Low OG ''Black Toe''', 'air-jordan-1-retro-low-og-black-toe', 'The honors the iconic original colorway debuted by Nike back in 1985.
Color Palette: White, Black, and Varsity Red.
Upper Material: Premium genuine leather construction provides structured durability.
Color Blocking: Classic white leather base layer flanked by stark black leather forefoot overlays (creating the "Black Toe" identity).
Accents: Vibrant Varsity Red highlights across the clean heel counter and ankle collar panels.
Branding: Stamped black Jordan Wings logo resting on the red heel tab, paired with retro Nike Air typography stitched onto the woven tongue tag.
Sole Unit: Durable rubber cupsole embedded with protective Air-cushioned technology, sitting on a classic red high-traction outsole', 'The Nike Air Jordan 1 Retro Low OG ''Black Toe'' Mini Swoosh is now available at AUREVO FASHION!', 'NK-AJ-RBW', '32bc639e-153f-46bc-83bd-a86b6d0d8e58', 'a55b6fce-fbf8-4121-9825-feb898bd1f24', 'men', '', '', NULL, NULL, 2450.00, 3090.00, true, false, false, true, true, false, 1, NULL, '', '', '{"Air Jordan 1 Retro Low OG ''Black Toe''",sneakers,"red color"}', '2026-05-14 16:30:10.283653+00', '2026-05-24 13:40:55.984065+00', 28, 10),
	('423b16da-2ed6-4ee2-843f-3ccf0884b691', 'Nike Vomero 18 Running Shoes1.1', 'nike-vomero-18-running-shoes1-1', 'The Nike Vomero 18 is a premium, maximum-cushion road running shoe engineered to deliver a highly cushioned, stable, and responsive ride. It is optimized for daily training, recovery days, and long-distance runs like marathons.
•	Dual-Layer Midsole: Features a premium foam stack with responsive ZoomX foam on top for maximum energy return and a bottom layer of ReactX foam for a bouncy, long-lasting ride.
•	Max Cushioning: Built with a substantial 46mm heel stack height, making it the most cushioned version in the Vomero line to reduce joint impact.
•	Breathable Upper: Constructed with an engineered, breathable mesh upper designed to regulate temperature and maintain consistent airflow.
•	Plush Comfort: Includes a thick, throwback-style padded tongue and a relaxed heel construction for a secure yet accommodating fit.
•	Smooth Transitions: Redesigned rubber outsole traction pattern optimized for a smooth, fluid heel-to-toe transition. ', 'The Nike Vomero 18 Running shoe is now available at AUREVO FASHION!', 'NK-VO-18-YW', '32bc639e-153f-46bc-83bd-a86b6d0d8e58', 'a55b6fce-fbf8-4121-9825-feb898bd1f24', 'unisex', '', '', NULL, NULL, 2550.00, 3390.00, true, false, false, true, true, false, 1, NULL, '', '', '{"Nike Vomero 18","Running Shoes1.1",Sneakers}', '2026-05-15 11:54:37.803228+00', '2026-05-24 13:45:28.994013+00', 28, 10),
	('67db6747-0666-40bd-b393-aa6f2e7ecc83', 'Nike Air Force 1 a White and Navy Blue {shoe1:1}', 'nike-air-force-1-a-white-and-navy-blue-{shoe1:1}', 'These are custom-designed Nike Air Force 1 low-top sneakers in a white and navy blue colorway featuring collaborative branding from The North Face.
•	The shoe features a textured white upper contrasted by a navy blue mid-panel and outsole.
•	It showcases a dual-branding aesthetic with "The North Face" logo on the heel and a classic Nike Swoosh.
•	Additional details include custom stitched elements near the toe box and a "The North Face" tag. ', 'The Nike Air Force 1 shoe is now available at AUREVO FASHION!', 'NK-AF1-WNB1:1', '32bc639e-153f-46bc-83bd-a86b6d0d8e58', 'a55b6fce-fbf8-4121-9825-feb898bd1f24', 'men', '', '', NULL, NULL, 4890.00, 6090.00, true, true, false, true, true, false, 1, NULL, '', '', '{"Air Force1","Low Nik",Sneakers,shoe}', '2026-05-15 17:50:22.85695+00', '2026-05-24 13:42:41.399974+00', 35, 10),
	('dbf791e4-4908-4517-9066-1de5d2ed6cf7', 'Nike Air Force 1 ''07 LV8 in the "Off Noir Snakeskin" {Shoe1:1}', 'nike-air-force-1-07-lv8-in-the-off-noir-snakeskin-shoe1-1', 'The Nike Air Force 1 ''07 LV8 "Off Noir Snakeskin" is a premium, exotic take on the classic silhouette released in early 2025 to celebrate the Lunar Year of the Snake.
Design & Materials
Upper: Constructed with a smooth full-grain leather base in deep black/off-noir.
Overlays: Features a grey-toned faux-snakeskin pattern embossed across the mudguard, lace collar, and heel tab.
Swoosh: Rendered in a dark, charcoal-colored suede that complements the muted aesthetic.
Sole Unit: Built with a textured grey polyurethane midsole housing an encapsulated Air-Sole cushioning unit for comfort, paired with a black rubber outsole for traction.', 'The Nike Air Force 1 ''07 LV8 in the "Off Noir Snakeskin" shoe is now available at AUREVO FASHION!', 'NK-AF1-SNK-1:1', '32bc639e-153f-46bc-83bd-a86b6d0d8e58', 'a55b6fce-fbf8-4121-9825-feb898bd1f24', 'men', '', '', NULL, NULL, 4890.00, 6090.00, true, true, false, true, true, false, 1, NULL, '', '', '{"Nike Air Force 1",Sneaker,"New shoe"}', '2026-05-15 18:35:28.701802+00', '2026-05-24 13:42:10.10378+00', 35, 10),
	('bdc8fa3a-127d-4604-b3cd-1f86041ed9cc', 'Louis Vuitton x Nike Air Force 1 Low "Monogram Brown Damier Azur" {Shoe1:1}', 'louis-vuitton-x-nike-air-force-1-low-monogram-brown-damier-azur', 'The Louis Vuitton x Nike Air Force 1 Low "Monogram Brown Damier Azur" is a historic luxury sneaker designed by the late visionary Handcrafted in Italy rather than a standard Nike factory, this ultra-rare edition debuted through an exclusive
Key Features
•	Material & Canvas: Crafted out of genuine calf leather paneling featuring a patchwork of two signature Louis Vuitton motifs.
•	Dual Prints: Features a rich Monogram Brown base paired with a light blue and white checkerboard Damier Azur pattern on the toe box, heel tab, and Swoosh.
•	Industrial Accents: Adorned with Abloh''s signature Helvetica quotation marks, reading "AIR" printed boldly on the lateral side of the midsole.
•	Luxury Hardware: Re-engineered with classic Louis Vuitton hardware profiles and natural cowhide trimmings.
', 'The Louis Vuitton x Nike Air Force 1 Low shoe is now available at AUREVO FASHION!', 'NK-AF1-LV-1:1', '32bc639e-153f-46bc-83bd-a86b6d0d8e58', 'a55b6fce-fbf8-4121-9825-feb898bd1f24', 'men', '', '', NULL, NULL, 4890.00, 6090.00, true, true, false, true, true, false, 1, NULL, '', '', '{"Louis Vuitton","Nike Air Force 1 Low",Sneakers}', '2026-05-15 19:27:57.399895+00', '2026-05-24 13:41:38.609662+00', 35, 10);


--
-- Data for Name: product_variants; Type: TABLE DATA; Schema: public; Owner: postgres
--

INSERT INTO "public"."product_variants" ("id", "product_id", "sku", "name", "size", "color", "color_code", "material", "weight", "price", "compare_at_price", "barcode", "is_active", "sort_order", "created_at", "updated_at", "stock", "reserved_stock") VALUES
	('9288d2aa-7fc3-4017-aaee-84bc9a00632a', '76136b79-e4ec-4201-961b-c66f3eb4d6a3', 'NK-AF1-W-WHITE-41', 'White / 41', '41', 'White', '#ffffff', NULL, NULL, NULL, NULL, NULL, true, 0, '2026-05-14 12:47:18.166048+00', '2026-05-14 12:47:18.166048+00', 7, 0),
	('d18e0ec5-630a-46d5-865e-ff3ea1fe4611', '76136b79-e4ec-4201-961b-c66f3eb4d6a3', 'NK-AF1-W-WHITE-42', 'White / 42', '42', 'White', '#ffffff', NULL, NULL, NULL, NULL, NULL, true, 1, '2026-05-14 12:47:18.166048+00', '2026-05-14 12:47:18.166048+00', 7, 0),
	('935ac20a-dd8d-42da-a38e-f073c229a049', '76136b79-e4ec-4201-961b-c66f3eb4d6a3', 'NK-AF1-W-WHITE-43', 'White / 43', '43', 'White', '#ffffff', NULL, NULL, NULL, NULL, NULL, true, 2, '2026-05-14 12:47:18.166048+00', '2026-05-14 12:47:18.166048+00', 7, 0),
	('8045aaf1-a860-4319-a7b2-eab06800aba0', '76136b79-e4ec-4201-961b-c66f3eb4d6a3', 'NK-AF1-W-WHITE-44', 'White / 44', '44', 'White', '#ffffff', NULL, NULL, NULL, NULL, NULL, true, 3, '2026-05-14 12:47:18.166048+00', '2026-05-14 12:47:18.166048+00', 7, 0),
	('f2d6afec-7f04-4f41-8209-c12d27f7475a', '0e642c4c-b19f-442c-9948-610274292a0b', 'NK-AF1-SKY-B-WHITE-LIGHT--41', 'White Light Armory Blue / 41', '41', 'White Light Armory Blue', '#9BB7D4', NULL, NULL, NULL, NULL, NULL, true, 0, '2026-05-14 13:52:21.461072+00', '2026-05-14 13:52:21.461072+00', 7, 0),
	('eed82be2-1c2c-4695-be9b-66636d937e96', '0e642c4c-b19f-442c-9948-610274292a0b', 'NK-AF1-SKY-B-WHITE-LIGHT--42', 'White Light Armory Blue / 42', '42', 'White Light Armory Blue', '#9BB7D4', NULL, NULL, NULL, NULL, NULL, true, 1, '2026-05-14 13:52:21.461072+00', '2026-05-14 13:52:21.461072+00', 7, 0),
	('36d19d02-8452-49e1-b227-68ecb39284ea', '0e642c4c-b19f-442c-9948-610274292a0b', 'NK-AF1-SKY-B-WHITE-LIGHT--43', 'White Light Armory Blue / 43', '43', 'White Light Armory Blue', '#9BB7D4', NULL, NULL, NULL, NULL, NULL, true, 2, '2026-05-14 13:52:21.461072+00', '2026-05-14 13:52:21.461072+00', 7, 0),
	('5d9c88f0-0acd-429c-93d2-48b1516dec4a', '0e642c4c-b19f-442c-9948-610274292a0b', 'NK-AF1-SKY-B-WHITE-LIGHT--44', 'White Light Armory Blue / 44', '44', 'White Light Armory Blue', '#9BB7D4', NULL, NULL, NULL, NULL, NULL, true, 3, '2026-05-14 13:52:21.461072+00', '2026-05-14 13:52:21.461072+00', 7, 0),
	('861bee81-2caa-4a76-9b9a-a6ed2ab3963c', 'bce88844-5ee7-4cbd-b5df-558c5ada052c', 'NK-AF1-LV-WHITE-BLUE-41', '"White/Blue" / 41', '41', '"White/Blue"', '#00334F', NULL, NULL, NULL, NULL, NULL, true, 0, '2026-05-14 15:39:00.985635+00', '2026-05-14 15:39:00.985635+00', 7, 0),
	('890cf51f-7219-4834-a050-5f57e54a2b9e', 'bce88844-5ee7-4cbd-b5df-558c5ada052c', 'NK-AF1-LV-WHITE-BLUE-42', '"White/Blue" / 42', '42', '"White/Blue"', '#00334F', NULL, NULL, NULL, NULL, NULL, true, 1, '2026-05-14 15:39:00.985635+00', '2026-05-14 15:39:00.985635+00', 7, 0),
	('9b45859c-944b-4f35-bab0-b8b09cc36a93', 'bce88844-5ee7-4cbd-b5df-558c5ada052c', 'NK-AF1-LV-WHITE-BLUE-43', '"White/Blue" / 43', '43', '"White/Blue"', '#00334F', NULL, NULL, NULL, NULL, NULL, true, 2, '2026-05-14 15:39:00.985635+00', '2026-05-14 15:39:00.985635+00', 7, 0),
	('06b1d5ac-2879-4193-89bb-75b7ead84311', 'bce88844-5ee7-4cbd-b5df-558c5ada052c', 'NK-AF1-LV-WHITE-BLUE-44', '"White/Blue" / 44', '44', '"White/Blue"', '#00334F', NULL, NULL, NULL, NULL, NULL, true, 3, '2026-05-14 15:39:00.985635+00', '2026-05-14 15:39:00.985635+00', 7, 0),
	('70964a96-2967-452e-a46b-aa36c7d47910', '6a4645b0-f9b5-4fd4-82c9-3b02d9d9f42f', 'NK-AJ1-RMB-WHITE-BLACK--41', 'White, Black, and Varsity Red / 41', '41', 'White, Black, and Varsity Red', '#A12232', NULL, NULL, NULL, NULL, NULL, true, 0, '2026-05-14 16:34:42.042118+00', '2026-05-14 16:34:42.042118+00', 7, 0),
	('4fb828a3-b53c-4b5f-8358-6269b1a4a957', '6a4645b0-f9b5-4fd4-82c9-3b02d9d9f42f', 'NK-AJ1-RMB-WHITE-BLACK--42', 'White, Black, and Varsity Red / 42', '42', 'White, Black, and Varsity Red', '#A12232', NULL, NULL, NULL, NULL, NULL, true, 1, '2026-05-14 16:34:42.042118+00', '2026-05-14 16:34:42.042118+00', 7, 0),
	('6f1e490b-ef44-4c85-8658-8faa0793112f', '6a4645b0-f9b5-4fd4-82c9-3b02d9d9f42f', 'NK-AJ1-RMB-WHITE-BLACK--43', 'White, Black, and Varsity Red / 43', '43', 'White, Black, and Varsity Red', '#A12232', NULL, NULL, NULL, NULL, NULL, true, 2, '2026-05-14 16:34:42.042118+00', '2026-05-14 16:34:42.042118+00', 7, 0),
	('5dab6981-2d3d-4132-a42f-9d1e0be5cede', '6a4645b0-f9b5-4fd4-82c9-3b02d9d9f42f', 'NK-AJ1-RMB-WHITE-BLACK--44', 'White, Black, and Varsity Red / 44', '44', 'White, Black, and Varsity Red', '#A12232', NULL, NULL, NULL, NULL, NULL, true, 3, '2026-05-14 16:34:42.042118+00', '2026-05-14 16:34:42.042118+00', 7, 0),
	('a6ac454e-f51f-4d86-a161-0a6c986f4d92', 'c30c27d9-1271-4b72-8ac5-2553e188b581', 'NK-VO-18-RD-RED-ORANGE-41', 'Red,Orange / 41', '41', 'Red,Orange', '#FFB300', NULL, NULL, NULL, NULL, NULL, true, 0, '2026-05-15 11:32:05.702566+00', '2026-05-15 11:32:05.702566+00', 7, 0),
	('fd479cf1-1f41-434a-94d4-778c62844284', 'c30c27d9-1271-4b72-8ac5-2553e188b581', 'NK-VO-18-RD-RED-ORANGE-42', 'Red,Orange / 42', '42', 'Red,Orange', '#FFB300', NULL, NULL, NULL, NULL, NULL, true, 1, '2026-05-15 11:32:05.702566+00', '2026-05-15 11:32:05.702566+00', 7, 0),
	('b51bc07d-aa9c-4837-918f-b4807ce0e8e4', 'c30c27d9-1271-4b72-8ac5-2553e188b581', 'NK-VO-18-RD-RED-ORANGE-43', 'Red,Orange / 43', '43', 'Red,Orange', '#FFB300', NULL, NULL, NULL, NULL, NULL, true, 2, '2026-05-15 11:32:05.702566+00', '2026-05-15 11:32:05.702566+00', 7, 0),
	('6e6b5916-0563-4e7c-9e1b-c2dbadeaf6e1', 'c30c27d9-1271-4b72-8ac5-2553e188b581', 'NK-VO-18-RD-RED-ORANGE-44', 'Red,Orange / 44', '44', 'Red,Orange', '#FFB300', NULL, NULL, NULL, NULL, NULL, true, 3, '2026-05-15 11:32:05.702566+00', '2026-05-15 11:32:05.702566+00', 7, 0),
	('c892d011-a18f-4723-95d2-bec10c4140a9', '423b16da-2ed6-4ee2-843f-3ccf0884b691', 'NK-VO-18-YW-F4F4F2-41', '#F4F4F2 / 41', '41', '#F4F4F2', '#F4F4F2', NULL, NULL, NULL, NULL, NULL, true, 0, '2026-05-15 12:00:30.789852+00', '2026-05-15 12:00:30.789852+00', 7, 0),
	('b442394a-4185-4c30-b1c9-5cba6d97a0f6', '423b16da-2ed6-4ee2-843f-3ccf0884b691', 'NK-VO-18-YW-F4F4F2-42', '#F4F4F2 / 42', '42', '#F4F4F2', '#F4F4F2', NULL, NULL, NULL, NULL, NULL, true, 1, '2026-05-15 12:00:30.789852+00', '2026-05-15 12:00:30.789852+00', 7, 0),
	('7ca259d9-fa37-4bc1-9956-e7593539f6de', '423b16da-2ed6-4ee2-843f-3ccf0884b691', 'NK-VO-18-YW-F4F4F2-43', '#F4F4F2 / 43', '43', '#F4F4F2', '#F4F4F2', NULL, NULL, NULL, NULL, NULL, true, 2, '2026-05-15 12:00:30.789852+00', '2026-05-15 12:00:30.789852+00', 7, 0),
	('97e97e92-bfc3-4ccc-8362-dcedaa2830c0', '423b16da-2ed6-4ee2-843f-3ccf0884b691', 'NK-VO-18-YW-F4F4F2-44', '#F4F4F2 / 44', '44', '#F4F4F2', '#F4F4F2', NULL, NULL, NULL, NULL, NULL, true, 3, '2026-05-15 12:00:30.789852+00', '2026-05-15 12:00:30.789852+00', 7, 0),
	('c4cd8aa5-1b65-4a8e-a791-8e48db265310', '67db6747-0666-40bd-b393-aa6f2e7ecc83', 'NK-AF1-WNB-1:1-WHITE-AND-NA-41', 'white and navy blue / 41', '41', 'white and navy blue', '#000080', NULL, NULL, NULL, NULL, NULL, true, 1, '2026-05-15 18:10:05.129002+00', '2026-05-15 18:10:05.129002+00', 7, 0),
	('04575dff-b7e5-4a92-a7a3-3a20bcd464b5', '67db6747-0666-40bd-b393-aa6f2e7ecc83', 'NK-AF1-WNB-1:1-WHITE-AND-NA-42', 'white and navy blue / 42', '42', 'white and navy blue', '#000080', NULL, NULL, NULL, NULL, NULL, true, 2, '2026-05-15 18:10:05.129002+00', '2026-05-15 18:10:05.129002+00', 7, 0),
	('96a2dd0f-06dd-4647-917a-b2e2e3a0cd5f', '67db6747-0666-40bd-b393-aa6f2e7ecc83', 'NK-AF1-WNB-1:1-WHITE-AND-NA-43', 'white and navy blue / 43', '43', 'white and navy blue', '#000080', NULL, NULL, NULL, NULL, NULL, true, 3, '2026-05-15 18:10:05.129002+00', '2026-05-15 18:10:05.129002+00', 7, 0),
	('f88a31b4-3ac0-404a-8616-e2077317707d', '67db6747-0666-40bd-b393-aa6f2e7ecc83', 'NK-AF1-WNB-1:1-WHITE-AND-NA-44', 'white and navy blue / 44', '44', 'white and navy blue', '#000080', NULL, NULL, NULL, NULL, NULL, true, 4, '2026-05-15 18:10:05.129002+00', '2026-05-15 18:10:05.129002+00', 7, 0),
	('e9364cb4-d955-4c72-82f5-eb98eb96db63', '67db6747-0666-40bd-b393-aa6f2e7ecc83', 'NK-AF1-WNB-1:1-WHITE-AND-NA-40', 'white and navy blue / 40', '40', 'white and navy blue', '#000080', NULL, NULL, NULL, NULL, NULL, true, 0, '2026-05-15 18:10:05.129002+00', '2026-05-15 18:10:05.129002+00', 7, 0),
	('b3783586-635e-4238-b47d-fc68b536e548', 'dbf791e4-4908-4517-9066-1de5d2ed6cf7', 'NK-AF1-SNK-1:1-NOIR-SNAKESK-40', 'Noir Snakeskin / 40', '40', 'Noir Snakeskin', '#2b2018', NULL, NULL, NULL, NULL, NULL, true, 0, '2026-05-15 18:40:12.534529+00', '2026-05-15 18:40:12.534529+00', 7, 0),
	('967ddced-e77d-4830-90bf-9ee73dd0efa1', 'dbf791e4-4908-4517-9066-1de5d2ed6cf7', 'NK-AF1-SNK-1:1-NOIR-SNAKESK-41', 'Noir Snakeskin / 41', '41', 'Noir Snakeskin', '#2b2018', NULL, NULL, NULL, NULL, NULL, true, 1, '2026-05-15 18:40:12.534529+00', '2026-05-15 18:40:12.534529+00', 7, 0),
	('1d8a99fb-2fd5-405a-869d-eddfb297b2c9', 'dbf791e4-4908-4517-9066-1de5d2ed6cf7', 'NK-AF1-SNK-1:1-NOIR-SNAKESK-42', 'Noir Snakeskin / 42', '42', 'Noir Snakeskin', '#2b2018', NULL, NULL, NULL, NULL, NULL, true, 2, '2026-05-15 18:40:12.534529+00', '2026-05-15 18:40:12.534529+00', 7, 0),
	('ad09d8ad-8259-42fc-b626-37a5a48bfb60', 'dbf791e4-4908-4517-9066-1de5d2ed6cf7', 'NK-AF1-SNK-1:1-NOIR-SNAKESK-43', 'Noir Snakeskin / 43', '43', 'Noir Snakeskin', '#2b2018', NULL, NULL, NULL, NULL, NULL, true, 3, '2026-05-15 18:40:12.534529+00', '2026-05-15 18:40:12.534529+00', 7, 0),
	('19901148-4f34-44ef-8074-8e0c69e44a6a', 'dbf791e4-4908-4517-9066-1de5d2ed6cf7', 'NK-AF1-SNK-1:1-NOIR-SNAKESK-44', 'Noir Snakeskin / 44', '44', 'Noir Snakeskin', '#2b2018', NULL, NULL, NULL, NULL, NULL, true, 4, '2026-05-15 18:40:12.534529+00', '2026-05-15 18:40:12.534529+00', 7, 0),
	('0d7c302d-8baf-4ac4-bcb4-2e36ba851a50', 'bdc8fa3a-127d-4604-b3cd-1f86041ed9cc', 'NK-AF1-LV-BR-1:1-MONOGRAM-BRO-40', 'Monogram Brown and Damier Azur / 40', '40', 'Monogram Brown and Damier Azur', '#453630', NULL, NULL, NULL, NULL, NULL, true, 0, '2026-05-15 19:33:48.175218+00', '2026-05-15 19:33:48.175218+00', 7, 0),
	('19fbca31-94c1-4616-9246-12e1596f0e1f', 'bdc8fa3a-127d-4604-b3cd-1f86041ed9cc', 'NK-AF1-LV-BR-1:1-MONOGRAM-BRO-41', 'Monogram Brown and Damier Azur / 41', '41', 'Monogram Brown and Damier Azur', '#453630', NULL, NULL, NULL, NULL, NULL, true, 1, '2026-05-15 19:33:48.175218+00', '2026-05-15 19:33:48.175218+00', 7, 0),
	('6190023e-d668-493d-a6aa-d340c67cd21f', 'bdc8fa3a-127d-4604-b3cd-1f86041ed9cc', 'NK-AF1-LV-BR-1:1-MONOGRAM-BRO-42', 'Monogram Brown and Damier Azur / 42', '42', 'Monogram Brown and Damier Azur', '#453630', NULL, NULL, NULL, NULL, NULL, true, 2, '2026-05-15 19:33:48.175218+00', '2026-05-15 19:33:48.175218+00', 7, 0),
	('eb895e91-e34c-40c5-9930-be7112cfe4ad', 'bdc8fa3a-127d-4604-b3cd-1f86041ed9cc', 'NK-AF1-LV-BR-1:1-MONOGRAM-BRO-43', 'Monogram Brown and Damier Azur / 43', '43', 'Monogram Brown and Damier Azur', '#453630', NULL, NULL, NULL, NULL, NULL, true, 3, '2026-05-15 19:33:48.175218+00', '2026-05-15 19:33:48.175218+00', 7, 0),
	('4285e8df-14ed-40f8-9e61-bbcf8f0c9bcf', 'bdc8fa3a-127d-4604-b3cd-1f86041ed9cc', 'NK-AF1-LV-BR-1:1-MONOGRAM-BRO-44', 'Monogram Brown and Damier Azur / 44', '44', 'Monogram Brown and Damier Azur', '#453630', NULL, NULL, NULL, NULL, NULL, true, 4, '2026-05-15 19:33:48.175218+00', '2026-05-15 19:33:48.175218+00', 7, 0);


--
-- Data for Name: profiles; Type: TABLE DATA; Schema: public; Owner: postgres
--

INSERT INTO "public"."profiles" ("id", "first_name", "last_name", "phone", "date_of_birth", "gender", "avatar_url", "preferences", "created_at", "updated_at") VALUES
	('2ce470b1-2b5c-4992-9e95-809565b828cc', 'Nurul', 'Alam', '01840300379', '2026-05-04', 'male', NULL, '{"role": "admin"}', '2025-09-29 10:10:18.580723+00', '2026-05-04 17:54:43.406315+00'),
	('9c4337df-7bb1-4c01-ba8c-77bcd0bddf4c', NULL, NULL, NULL, NULL, NULL, NULL, '{}', '2026-05-12 16:11:39.908415+00', '2026-05-12 16:11:39.908415+00'),
	('e41e486e-78a0-4f59-b64c-f9a52b17e3aa', NULL, NULL, NULL, NULL, NULL, NULL, '{}', '2026-05-12 16:25:35.884312+00', '2026-05-12 16:25:35.884312+00');


--
-- Data for Name: cart_items; Type: TABLE DATA; Schema: public; Owner: postgres
--

INSERT INTO "public"."cart_items" ("id", "user_id", "session_id", "product_id", "variant_id", "quantity", "price", "created_at", "updated_at") VALUES
	('ac62091e-4a4c-4678-be48-df96c4a5d233', 'e41e486e-78a0-4f59-b64c-f9a52b17e3aa', NULL, '76136b79-e4ec-4201-961b-c66f3eb4d6a3', '9288d2aa-7fc3-4017-aaee-84bc9a00632a', 2, 0.00, '2026-05-14 13:39:57.701586+00', '2026-05-14 13:40:24.52443+00'),
	('25b74e9b-f109-4586-ba57-963e36a6b693', NULL, 'guest_mjvohj0x_42pdj8jcsn5', 'c30c27d9-1271-4b72-8ac5-2553e188b581', 'a6ac454e-f51f-4d86-a161-0a6c986f4d92', 1, 0.00, '2026-05-26 07:21:14.194861+00', '2026-05-26 07:21:14.194861+00'),
	('6f3d4902-0d9e-4ca4-908d-c1266702b09d', '2ce470b1-2b5c-4992-9e95-809565b828cc', NULL, 'bdc8fa3a-127d-4604-b3cd-1f86041ed9cc', '6190023e-d668-493d-a6aa-d340c67cd21f', 1, 0.00, '2026-05-29 16:38:00.825671+00', '2026-05-29 16:38:00.825671+00'),
	('a5b15224-8e72-4b9c-8344-a70847181de6', '2ce470b1-2b5c-4992-9e95-809565b828cc', NULL, '67db6747-0666-40bd-b393-aa6f2e7ecc83', 'c4cd8aa5-1b65-4a8e-a791-8e48db265310', 1, 0.00, '2026-05-29 16:38:01.083303+00', '2026-05-29 16:38:01.083303+00'),
	('4bd84379-e339-48f6-83b0-f81390194718', '2ce470b1-2b5c-4992-9e95-809565b828cc', NULL, '67db6747-0666-40bd-b393-aa6f2e7ecc83', 'e9364cb4-d955-4c72-82f5-eb98eb96db63', 1, 0.00, '2026-05-29 16:38:01.308983+00', '2026-05-29 16:38:01.308983+00');


--
-- Data for Name: inventory; Type: TABLE DATA; Schema: public; Owner: postgres
--

INSERT INTO "public"."inventory" ("id", "variant_id", "location", "quantity", "reserved_quantity", "reorder_point", "reorder_quantity", "last_counted_at", "created_at", "updated_at") VALUES
	('a90fab30-8def-4258-a8f1-7cf325b890e6', '6e6b5916-0563-4e7c-9e1b-c2dbadeaf6e1', 'main', 7, 0, 0, 0, NULL, '2026-05-15 11:32:05.829744+00', '2026-05-24 13:45:24.412963+00'),
	('4b794fc2-4908-46ba-ad9c-b8f2d851ad6f', '97e97e92-bfc3-4ccc-8362-dcedaa2830c0', 'main', 7, 0, 0, 0, NULL, '2026-05-15 12:00:30.902509+00', '2026-05-24 13:45:28.994013+00'),
	('145631cc-0182-4b27-abfb-2f2f71bb1a38', '70964a96-2967-452e-a46b-aa36c7d47910', 'main', 7, 0, 0, 0, NULL, '2026-05-14 16:34:42.190585+00', '2026-05-24 13:40:36.489022+00'),
	('b84013a9-7e52-449e-8568-2434e3d4e474', '4fb828a3-b53c-4b5f-8358-6269b1a4a957', 'main', 7, 0, 0, 0, NULL, '2026-05-14 16:34:42.190585+00', '2026-05-24 13:40:45.343026+00'),
	('f0129e12-71be-4f4c-9cfb-419efc5b7749', '6f1e490b-ef44-4c85-8658-8faa0793112f', 'main', 7, 0, 0, 0, NULL, '2026-05-14 16:34:42.190585+00', '2026-05-24 13:40:50.766081+00'),
	('880f2ebc-5113-4009-ab2d-9355177dde4a', '5dab6981-2d3d-4132-a42f-9d1e0be5cede', 'main', 7, 0, 0, 0, NULL, '2026-05-14 16:34:42.190585+00', '2026-05-24 13:40:55.984065+00'),
	('3c994d4c-2b18-4656-8274-3945822bedba', '0d7c302d-8baf-4ac4-bcb4-2e36ba851a50', 'main', 7, 0, 0, 0, NULL, '2026-05-15 19:33:48.430596+00', '2026-05-24 13:41:03.623954+00'),
	('68450fd1-e9a8-49b6-ad48-3098c54bbcca', '19fbca31-94c1-4616-9246-12e1596f0e1f', 'main', 7, 0, 0, 0, NULL, '2026-05-15 19:33:48.430596+00', '2026-05-24 13:41:08.271461+00'),
	('1e1723f5-2e5d-4cfb-9dad-f2bf9e3a151a', '6190023e-d668-493d-a6aa-d340c67cd21f', 'main', 7, 0, 0, 0, NULL, '2026-05-15 19:33:48.430596+00', '2026-05-24 13:41:13.668317+00'),
	('f3da110e-8cc6-403b-8f47-ce2e4835185b', 'eb895e91-e34c-40c5-9930-be7112cfe4ad', 'main', 7, 0, 0, 0, NULL, '2026-05-15 19:33:48.430596+00', '2026-05-24 13:41:32.563037+00'),
	('b3c4c3f1-6bf6-4dce-a1eb-0b07657a478e', '4285e8df-14ed-40f8-9e61-bbcf8f0c9bcf', 'main', 7, 0, 0, 0, NULL, '2026-05-15 19:33:48.430596+00', '2026-05-24 13:41:38.609662+00'),
	('945b21b2-27db-42a9-b773-378cba37a118', 'b3783586-635e-4238-b47d-fc68b536e548', 'main', 7, 0, 0, 0, NULL, '2026-05-15 18:40:12.665123+00', '2026-05-24 13:41:45.9735+00'),
	('7c44075c-246d-4aae-acf3-fe3ff87a33aa', '967ddced-e77d-4830-90bf-9ee73dd0efa1', 'main', 7, 0, 0, 0, NULL, '2026-05-15 18:40:12.665123+00', '2026-05-24 13:41:52.298024+00'),
	('e9b87fb9-324c-4d6c-b799-21fb003b1340', '1d8a99fb-2fd5-405a-869d-eddfb297b2c9', 'main', 7, 0, 0, 0, NULL, '2026-05-15 18:40:12.665123+00', '2026-05-24 13:41:57.483542+00'),
	('80ab547b-886a-4008-adf3-8176b6212f3d', 'ad09d8ad-8259-42fc-b626-37a5a48bfb60', 'main', 7, 0, 0, 0, NULL, '2026-05-15 18:40:12.665123+00', '2026-05-24 13:42:04.164185+00'),
	('5720ccab-83b6-4a15-9cc5-8e31aeeb4355', '19901148-4f34-44ef-8074-8e0c69e44a6a', 'main', 7, 0, 0, 0, NULL, '2026-05-15 18:40:12.665123+00', '2026-05-24 13:42:10.10378+00'),
	('d9a8c1a3-87e8-4905-b584-84aaf4830fc8', 'e9364cb4-d955-4c72-82f5-eb98eb96db63', 'main', 7, 0, 0, 0, NULL, '2026-05-15 18:10:05.208038+00', '2026-05-24 13:42:15.720008+00'),
	('3e1622a9-74a2-4b5d-8f0d-7ba9d76e11be', 'c4cd8aa5-1b65-4a8e-a791-8e48db265310', 'main', 7, 0, 0, 0, NULL, '2026-05-15 18:10:05.208038+00', '2026-05-24 13:42:22.834476+00'),
	('0b2f3e74-f540-4691-b8c2-b891ec7abb80', '04575dff-b7e5-4a92-a7a3-3a20bcd464b5', 'main', 7, 0, 0, 0, NULL, '2026-05-15 18:10:05.208038+00', '2026-05-24 13:42:30.51403+00'),
	('d41e5c2c-34c2-409a-ba9f-5cff50b6819f', '96a2dd0f-06dd-4647-917a-b2e2e3a0cd5f', 'main', 7, 0, 0, 0, NULL, '2026-05-15 18:10:05.208038+00', '2026-05-24 13:42:35.815087+00'),
	('34df138c-47ae-44c6-a9f7-e568f32badd9', 'f88a31b4-3ac0-404a-8616-e2077317707d', 'main', 7, 0, 0, 0, NULL, '2026-05-15 18:10:05.208038+00', '2026-05-24 13:42:41.399974+00'),
	('909b8343-ea38-4685-a19c-aee8bc1b034c', 'eed82be2-1c2c-4695-be9b-66636d937e96', 'main', 7, 0, 0, 0, NULL, '2026-05-14 13:52:21.641547+00', '2026-05-24 13:42:58.636692+00'),
	('21a6b0e9-b075-4e6a-b116-046a66172b3e', '36d19d02-8452-49e1-b227-68ecb39284ea', 'main', 7, 0, 0, 0, NULL, '2026-05-14 13:52:21.641547+00', '2026-05-24 13:43:04.418485+00'),
	('955791e2-eef5-47fd-b622-75b0fbac1932', 'f2d6afec-7f04-4f41-8209-c12d27f7475a', 'main', 7, 0, 0, 0, NULL, '2026-05-14 13:52:21.641547+00', '2026-05-24 13:43:10.453927+00'),
	('e0209a9e-fcea-4853-bfd8-dc99f6bef237', '9288d2aa-7fc3-4017-aaee-84bc9a00632a', 'main', 7, 0, 0, 0, NULL, '2026-05-14 12:47:18.543378+00', '2026-05-24 13:43:16.207077+00'),
	('1386ecc8-9f54-4d3c-841b-07d1d71c5ca6', '06b1d5ac-2879-4193-89bb-75b7ead84311', 'main', 7, 0, 0, 0, NULL, '2026-05-14 15:39:01.273962+00', '2026-05-24 13:43:33.640994+00'),
	('d7113a3a-2ebc-48ae-8921-343d308ee233', '9b45859c-944b-4f35-bab0-b8b09cc36a93', 'main', 7, 0, 0, 0, NULL, '2026-05-14 15:39:01.273962+00', '2026-05-24 13:43:39.579616+00'),
	('7ae916e7-b985-487a-b5bd-348a036723f9', '890cf51f-7219-4834-a050-5f57e54a2b9e', 'main', 7, 0, 0, 0, NULL, '2026-05-14 15:39:01.273962+00', '2026-05-24 13:43:43.678929+00'),
	('fe8fe1c2-3b70-485f-a818-713b47c5b7cc', '861bee81-2caa-4a76-9b9a-a6ed2ab3963c', 'main', 7, 0, 0, 0, NULL, '2026-05-14 15:39:01.273962+00', '2026-05-24 13:43:49.352858+00'),
	('c7d42b2a-1a56-460b-9d2a-3e6035c0bdb3', '7ca259d9-fa37-4bc1-9956-e7593539f6de', 'main', 7, 0, 0, 0, NULL, '2026-05-15 12:00:30.902509+00', '2026-05-24 13:44:01.661226+00'),
	('e1155079-7e89-4679-8e92-7ea98706f889', 'b442394a-4185-4c30-b1c9-5cba6d97a0f6', 'main', 7, 0, 0, 0, NULL, '2026-05-15 12:00:30.902509+00', '2026-05-24 13:44:07.277896+00'),
	('55d82bbe-487b-472c-a6c8-ce36c829d6b4', 'a6ac454e-f51f-4d86-a161-0a6c986f4d92', 'main', 7, 0, 0, 0, NULL, '2026-05-15 11:32:05.829744+00', '2026-05-24 13:44:14.481086+00'),
	('a0364c06-a95a-48ae-b3cc-c1953f4e6166', 'b51bc07d-aa9c-4837-918f-b4807ce0e8e4', 'main', 7, 0, 0, 0, NULL, '2026-05-15 11:32:05.829744+00', '2026-05-24 13:44:20.458297+00'),
	('7dab5081-015d-4b72-8341-9f4cc6679cc8', 'fd479cf1-1f41-434a-94d4-778c62844284', 'main', 7, 0, 0, 0, NULL, '2026-05-15 11:32:05.829744+00', '2026-05-24 13:44:29.266888+00'),
	('954cb967-d169-4117-939b-85916003474d', '5d9c88f0-0acd-429c-93d2-48b1516dec4a', 'main', 7, 0, 0, 0, NULL, '2026-05-14 13:52:21.641547+00', '2026-05-24 13:44:38.345888+00'),
	('c236e218-9a51-43ae-87e6-60041a5f16f3', 'd18e0ec5-630a-46d5-865e-ff3ea1fe4611', 'main', 7, 0, 0, 0, NULL, '2026-05-14 12:47:18.543378+00', '2026-05-24 13:44:47.98132+00'),
	('7877c193-3b3b-4ace-aec3-d8a2622d76bf', '935ac20a-dd8d-42da-a38e-f073c229a049', 'main', 7, 0, 0, 0, NULL, '2026-05-14 12:47:18.543378+00', '2026-05-24 13:44:55.254159+00'),
	('010c8084-f5a5-4415-84e5-e7af659463e9', '8045aaf1-a860-4319-a7b2-eab06800aba0', 'main', 7, 0, 0, 0, NULL, '2026-05-14 12:47:18.543378+00', '2026-05-24 13:45:03.865549+00'),
	('039f4669-9117-4acd-964a-d0fc3d11a9ec', 'c892d011-a18f-4723-95d2-bec10c4140a9', 'main', 7, 0, 0, 0, NULL, '2026-05-15 12:00:30.902509+00', '2026-05-24 13:45:18.544381+00');


--
-- Data for Name: orders; Type: TABLE DATA; Schema: public; Owner: postgres
--



--
-- Data for Name: order_items; Type: TABLE DATA; Schema: public; Owner: postgres
--



--
-- Data for Name: inventory_movements; Type: TABLE DATA; Schema: public; Owner: postgres
--

INSERT INTO "public"."inventory_movements" ("id", "variant_id", "movement_type", "reason", "quantity", "previous_quantity", "new_quantity", "reserved_quantity", "location", "order_id", "order_item_id", "user_id", "reference_number", "notes", "cost_per_unit", "total_cost", "created_at") VALUES
	('06b9d398-b167-4ac9-b7a2-7a4537995e92', '70964a96-2967-452e-a46b-aa36c7d47910', 'restock', 'purchase_order', 5, 2, 7, 0, 'main', NULL, NULL, NULL, NULL, NULL, NULL, 0.00, '2026-05-24 13:40:36.489022+00'),
	('041f3622-a2eb-4b25-a9a1-b224790091f1', '4fb828a3-b53c-4b5f-8358-6269b1a4a957', 'restock', 'purchase_order', 5, 2, 7, 0, 'main', NULL, NULL, NULL, NULL, NULL, NULL, 0.00, '2026-05-24 13:40:45.343026+00'),
	('53c69b6c-706f-4362-97f2-25d25ca9236b', '6f1e490b-ef44-4c85-8658-8faa0793112f', 'restock', 'purchase_order', 5, 2, 7, 0, 'main', NULL, NULL, NULL, NULL, NULL, NULL, 0.00, '2026-05-24 13:40:50.766081+00'),
	('458e2351-1217-4458-a6d6-5f3604e1d5cd', '5dab6981-2d3d-4132-a42f-9d1e0be5cede', 'restock', 'purchase_order', 5, 2, 7, 0, 'main', NULL, NULL, NULL, NULL, NULL, NULL, 0.00, '2026-05-24 13:40:55.984065+00'),
	('518ec36c-d72c-4578-8ae7-10f069e13a06', '0d7c302d-8baf-4ac4-bcb4-2e36ba851a50', 'restock', 'purchase_order', 2, 5, 7, 0, 'main', NULL, NULL, NULL, NULL, NULL, NULL, 0.00, '2026-05-24 13:41:03.623954+00'),
	('3785107d-14aa-4425-9b96-cf3dde099a91', '19fbca31-94c1-4616-9246-12e1596f0e1f', 'restock', 'purchase_order', 2, 5, 7, 0, 'main', NULL, NULL, NULL, NULL, NULL, NULL, 0.00, '2026-05-24 13:41:08.271461+00'),
	('d48feea4-a3b4-41a1-999a-50de0ea08e64', '6190023e-d668-493d-a6aa-d340c67cd21f', 'restock', 'purchase_order', 2, 5, 7, 0, 'main', NULL, NULL, NULL, NULL, NULL, NULL, 0.00, '2026-05-24 13:41:13.668317+00'),
	('368ffc89-4e11-4744-ae93-d8fd66c53aa2', 'eb895e91-e34c-40c5-9930-be7112cfe4ad', 'restock', 'purchase_order', 2, 5, 7, 0, 'main', NULL, NULL, NULL, NULL, NULL, NULL, 0.00, '2026-05-24 13:41:32.563037+00'),
	('3f651fb1-6cac-4d36-9a2d-cb82f4fbc365', '4285e8df-14ed-40f8-9e61-bbcf8f0c9bcf', 'restock', 'purchase_order', 2, 5, 7, 0, 'main', NULL, NULL, NULL, NULL, NULL, NULL, 0.00, '2026-05-24 13:41:38.609662+00'),
	('9f071274-e9b5-4e43-9892-fa7d3c69569b', 'b3783586-635e-4238-b47d-fc68b536e548', 'restock', 'purchase_order', 2, 5, 7, 0, 'main', NULL, NULL, NULL, NULL, NULL, NULL, 0.00, '2026-05-24 13:41:45.9735+00'),
	('a843f5c1-e883-4e86-8075-84abfb445a75', '967ddced-e77d-4830-90bf-9ee73dd0efa1', 'restock', 'purchase_order', 2, 5, 7, 0, 'main', NULL, NULL, NULL, NULL, NULL, NULL, 0.00, '2026-05-24 13:41:52.298024+00'),
	('c7577008-e21f-4f35-a5dd-bd99f62eaa0f', '1d8a99fb-2fd5-405a-869d-eddfb297b2c9', 'restock', 'purchase_order', 2, 5, 7, 0, 'main', NULL, NULL, NULL, NULL, NULL, NULL, 0.00, '2026-05-24 13:41:57.483542+00'),
	('209fc030-9d41-47d1-93e7-9324c29ddeb7', 'ad09d8ad-8259-42fc-b626-37a5a48bfb60', 'restock', 'purchase_order', 2, 5, 7, 0, 'main', NULL, NULL, NULL, NULL, NULL, NULL, 0.00, '2026-05-24 13:42:04.164185+00'),
	('36f9ce9d-9cf8-486f-9937-317688b30e9f', '19901148-4f34-44ef-8074-8e0c69e44a6a', 'restock', 'purchase_order', 2, 5, 7, 0, 'main', NULL, NULL, NULL, NULL, NULL, NULL, 0.00, '2026-05-24 13:42:10.10378+00'),
	('1429bb72-3bc2-4a04-bebe-b3bacb112611', 'e9364cb4-d955-4c72-82f5-eb98eb96db63', 'restock', 'purchase_order', 2, 5, 7, 0, 'main', NULL, NULL, NULL, NULL, NULL, NULL, 0.00, '2026-05-24 13:42:15.720008+00'),
	('784340b5-0d82-4e88-bd97-d9d29da8952d', 'c4cd8aa5-1b65-4a8e-a791-8e48db265310', 'restock', 'purchase_order', 2, 5, 7, 0, 'main', NULL, NULL, NULL, NULL, NULL, NULL, 0.00, '2026-05-24 13:42:22.834476+00'),
	('509cce99-f371-4a93-900c-14b8ea344937', '04575dff-b7e5-4a92-a7a3-3a20bcd464b5', 'restock', 'purchase_order', 2, 5, 7, 0, 'main', NULL, NULL, NULL, NULL, NULL, NULL, 0.00, '2026-05-24 13:42:30.51403+00'),
	('c0e638e1-11fc-4c7b-ad6f-b45e28755132', '96a2dd0f-06dd-4647-917a-b2e2e3a0cd5f', 'restock', 'purchase_order', 2, 5, 7, 0, 'main', NULL, NULL, NULL, NULL, NULL, NULL, 0.00, '2026-05-24 13:42:35.815087+00'),
	('cb65cac5-4164-4d00-a421-9d121059a5d4', 'f88a31b4-3ac0-404a-8616-e2077317707d', 'restock', 'purchase_order', 2, 5, 7, 0, 'main', NULL, NULL, NULL, NULL, NULL, NULL, 0.00, '2026-05-24 13:42:41.399974+00'),
	('dee34a31-b842-4fe4-bd1f-a24dea7dcc29', 'f2d6afec-7f04-4f41-8209-c12d27f7475a', 'restock', 'purchase_order', 2, 2, 4, 0, 'main', NULL, NULL, NULL, NULL, NULL, NULL, 0.00, '2026-05-24 13:42:48.204382+00'),
	('c33b5fdd-d035-4d6b-ac64-d728c1af1caf', 'eed82be2-1c2c-4695-be9b-66636d937e96', 'restock', 'purchase_order', 5, 2, 7, 0, 'main', NULL, NULL, NULL, NULL, NULL, NULL, 0.00, '2026-05-24 13:42:58.636692+00'),
	('4953c2a4-274d-4cde-9bb5-7a133adaf9dd', '36d19d02-8452-49e1-b227-68ecb39284ea', 'restock', 'purchase_order', 5, 2, 7, 0, 'main', NULL, NULL, NULL, NULL, NULL, NULL, 0.00, '2026-05-24 13:43:04.418485+00'),
	('f3c4f2c9-405a-4904-a70c-dd5fa33eac5f', 'f2d6afec-7f04-4f41-8209-c12d27f7475a', 'restock', 'purchase_order', 3, 4, 7, 0, 'main', NULL, NULL, NULL, NULL, NULL, NULL, 0.00, '2026-05-24 13:43:10.453927+00'),
	('a70ff272-674b-4080-836f-cdd7cda333bc', '9288d2aa-7fc3-4017-aaee-84bc9a00632a', 'restock', 'purchase_order', 4, 3, 7, 0, 'main', NULL, NULL, NULL, NULL, NULL, NULL, 0.00, '2026-05-24 13:43:16.207077+00'),
	('c7b01179-0a8e-4408-a2e9-31ce938ef298', '06b1d5ac-2879-4193-89bb-75b7ead84311', 'restock', 'purchase_order', 4, 3, 7, 0, 'main', NULL, NULL, NULL, NULL, NULL, NULL, 0.00, '2026-05-24 13:43:33.640994+00'),
	('84b20d78-317c-429c-9d07-3a664da6e1f5', '9b45859c-944b-4f35-bab0-b8b09cc36a93', 'restock', 'purchase_order', 4, 3, 7, 0, 'main', NULL, NULL, NULL, NULL, NULL, NULL, 0.00, '2026-05-24 13:43:39.579616+00'),
	('dda49900-04ad-4b4f-ab37-8eef3e3482fc', '890cf51f-7219-4834-a050-5f57e54a2b9e', 'restock', 'purchase_order', 4, 3, 7, 0, 'main', NULL, NULL, NULL, NULL, NULL, NULL, 0.00, '2026-05-24 13:43:43.678929+00'),
	('3ecc442c-f35f-4ff0-a786-c650c1676f32', '861bee81-2caa-4a76-9b9a-a6ed2ab3963c', 'restock', 'purchase_order', 4, 3, 7, 0, 'main', NULL, NULL, NULL, NULL, NULL, NULL, 0.00, '2026-05-24 13:43:49.352858+00'),
	('fa968a4b-6243-4ec5-a729-f61c9039c54f', '97e97e92-bfc3-4ccc-8362-dcedaa2830c0', 'restock', 'purchase_order', 4, 2, 6, 0, 'main', NULL, NULL, NULL, NULL, NULL, NULL, 0.00, '2026-05-24 13:43:55.04874+00'),
	('726b9924-c174-4bdd-8866-6b5f0e215a59', '7ca259d9-fa37-4bc1-9956-e7593539f6de', 'restock', 'purchase_order', 5, 2, 7, 0, 'main', NULL, NULL, NULL, NULL, NULL, NULL, 0.00, '2026-05-24 13:44:01.661226+00'),
	('281cf025-2c29-45bc-987d-961b370bf1af', 'b442394a-4185-4c30-b1c9-5cba6d97a0f6', 'restock', 'purchase_order', 5, 2, 7, 0, 'main', NULL, NULL, NULL, NULL, NULL, NULL, 0.00, '2026-05-24 13:44:07.277896+00'),
	('417b4080-6204-4792-b42e-5f8316a323a6', 'a6ac454e-f51f-4d86-a161-0a6c986f4d92', 'restock', 'purchase_order', 5, 2, 7, 0, 'main', NULL, NULL, NULL, NULL, NULL, NULL, 0.00, '2026-05-24 13:44:14.481086+00'),
	('499ad3ba-2d4d-4185-aa2f-5a4f22e39ccd', 'b51bc07d-aa9c-4837-918f-b4807ce0e8e4', 'restock', 'purchase_order', 5, 2, 7, 0, 'main', NULL, NULL, NULL, NULL, NULL, NULL, 0.00, '2026-05-24 13:44:20.458297+00'),
	('f816b581-ad58-4214-bfbb-770c09d791e5', 'fd479cf1-1f41-434a-94d4-778c62844284', 'restock', 'purchase_order', 5, 2, 7, 0, 'main', NULL, NULL, NULL, NULL, NULL, NULL, 0.00, '2026-05-24 13:44:29.266888+00'),
	('b5fc9c55-b7ed-4be8-945f-beb08d13560b', '5d9c88f0-0acd-429c-93d2-48b1516dec4a', 'restock', 'purchase_order', 5, 2, 7, 0, 'main', NULL, NULL, NULL, NULL, NULL, NULL, 0.00, '2026-05-24 13:44:38.345888+00'),
	('abc96211-75e4-4222-a3b4-f8c837f88985', 'd18e0ec5-630a-46d5-865e-ff3ea1fe4611', 'restock', 'purchase_order', 4, 3, 7, 0, 'main', NULL, NULL, NULL, NULL, NULL, NULL, 0.00, '2026-05-24 13:44:47.98132+00'),
	('3bf69dc0-6ce0-4fda-8066-45c505965147', '935ac20a-dd8d-42da-a38e-f073c229a049', 'restock', 'purchase_order', 4, 3, 7, 0, 'main', NULL, NULL, NULL, NULL, NULL, NULL, 0.00, '2026-05-24 13:44:55.254159+00'),
	('e4af6dff-b651-41f2-9aec-96dd1abe1e59', '8045aaf1-a860-4319-a7b2-eab06800aba0', 'restock', 'purchase_order', 4, 3, 7, 0, 'main', NULL, NULL, NULL, NULL, NULL, NULL, 0.00, '2026-05-24 13:45:03.865549+00'),
	('882caf5a-8992-4e6b-aa98-b413a5b3bae8', '6e6b5916-0563-4e7c-9e1b-c2dbadeaf6e1', 'restock', 'purchase_order', 4, 2, 6, 0, 'main', NULL, NULL, NULL, NULL, NULL, NULL, 0.00, '2026-05-24 13:45:08.970568+00'),
	('e5d32c07-1484-4285-8243-faede8d20177', 'c892d011-a18f-4723-95d2-bec10c4140a9', 'restock', 'purchase_order', 5, 2, 7, 0, 'main', NULL, NULL, NULL, NULL, NULL, NULL, 0.00, '2026-05-24 13:45:18.544381+00'),
	('1484d2c1-4d69-45b4-9a32-5045eab8044d', '6e6b5916-0563-4e7c-9e1b-c2dbadeaf6e1', 'restock', 'purchase_order', 1, 6, 7, 0, 'main', NULL, NULL, NULL, NULL, NULL, NULL, 0.00, '2026-05-24 13:45:24.412963+00'),
	('d1121e2c-e013-4c98-af03-61a118b10f58', '97e97e92-bfc3-4ccc-8362-dcedaa2830c0', 'restock', 'purchase_order', 1, 6, 7, 0, 'main', NULL, NULL, NULL, NULL, NULL, NULL, 0.00, '2026-05-24 13:45:28.994013+00');


--
-- Data for Name: meta_capi_sent; Type: TABLE DATA; Schema: public; Owner: postgres
--



--
-- Data for Name: payments; Type: TABLE DATA; Schema: public; Owner: postgres
--



--
-- Data for Name: product_images; Type: TABLE DATA; Schema: public; Owner: postgres
--

INSERT INTO "public"."product_images" ("id", "product_id", "variant_id", "url", "alt_text", "sort_order", "is_primary", "created_at") VALUES
	('e28f89f8-b8d4-4cb4-938e-8dd2cf14333f', '0e642c4c-b19f-442c-9948-610274292a0b', NULL, 'https://bwcbcmeftplyljgcacvr.supabase.co/storage/v1/object/public/product-images/products/0e642c4c-b19f-442c-9948-610274292a0b/1778766746421-0-b-side.webp', '', 4, false, '2026-05-14 13:53:06.242074+00'),
	('845f93b9-667d-474f-af9f-4c79a8bfc55d', '76136b79-e4ec-4201-961b-c66f3eb4d6a3', NULL, 'https://bwcbcmeftplyljgcacvr.supabase.co/storage/v1/object/public/product-images/products/76136b79-e4ec-4201-961b-c66f3eb4d6a3/1778763218286-2-r-side.webp', '', 1, true, '2026-05-14 12:54:18.371527+00'),
	('f688d6c5-787c-4eeb-b523-86100114820e', '76136b79-e4ec-4201-961b-c66f3eb4d6a3', NULL, 'https://bwcbcmeftplyljgcacvr.supabase.co/storage/v1/object/public/product-images/products/76136b79-e4ec-4201-961b-c66f3eb4d6a3/1778763218286-3-u-side.webp', '', 2, false, '2026-05-14 12:54:18.321077+00'),
	('a3dffc70-8ecd-4fef-bf49-3fcc01eaf597', '76136b79-e4ec-4201-961b-c66f3eb4d6a3', NULL, 'https://bwcbcmeftplyljgcacvr.supabase.co/storage/v1/object/public/product-images/products/76136b79-e4ec-4201-961b-c66f3eb4d6a3/1778763218285-0-b-side.webp', '', 4, false, '2026-05-14 12:54:18.298877+00'),
	('b24827dd-689e-4d28-a499-fa594edb9596', '76136b79-e4ec-4201-961b-c66f3eb4d6a3', NULL, 'https://bwcbcmeftplyljgcacvr.supabase.co/storage/v1/object/public/product-images/products/76136b79-e4ec-4201-961b-c66f3eb4d6a3/1778763218286-1-p-side.webp', '', 3, false, '2026-05-14 12:54:18.348985+00'),
	('639401a4-7968-4184-be0a-3aab211b8c41', '0e642c4c-b19f-442c-9948-610274292a0b', NULL, 'https://bwcbcmeftplyljgcacvr.supabase.co/storage/v1/object/public/product-images/products/0e642c4c-b19f-442c-9948-610274292a0b/1778766746422-2-r-sidw.webp', '', 1, false, '2026-05-14 13:53:06.251381+00'),
	('f097b621-7d13-4003-b217-d3b6c1d61f1a', '0e642c4c-b19f-442c-9948-610274292a0b', NULL, 'https://bwcbcmeftplyljgcacvr.supabase.co/storage/v1/object/public/product-images/products/0e642c4c-b19f-442c-9948-610274292a0b/1778766746422-1-p-side.webp', '', 2, false, '2026-05-14 13:53:06.220797+00'),
	('10caad51-fbf2-4dbb-9ba6-9ca651c823f6', '0e642c4c-b19f-442c-9948-610274292a0b', NULL, 'https://bwcbcmeftplyljgcacvr.supabase.co/storage/v1/object/public/product-images/products/0e642c4c-b19f-442c-9948-610274292a0b/1778766746422-3-u-side1.webp', '', 3, false, '2026-05-14 13:53:06.464594+00'),
	('2f53d6e6-5cef-4500-b129-a5d1aa5b3401', 'bce88844-5ee7-4cbd-b5df-558c5ada052c', NULL, 'https://bwcbcmeftplyljgcacvr.supabase.co/storage/v1/object/public/product-images/products/bce88844-5ee7-4cbd-b5df-558c5ada052c/1778773145281-4-u-side.webp', '', 3, false, '2026-05-14 15:39:45.29787+00'),
	('3b656a48-972f-4308-a1d2-4b65aa2880bc', 'bce88844-5ee7-4cbd-b5df-558c5ada052c', NULL, 'https://bwcbcmeftplyljgcacvr.supabase.co/storage/v1/object/public/product-images/products/bce88844-5ee7-4cbd-b5df-558c5ada052c/1778773144591-2-p-side.webp', '', 4, false, '2026-05-14 15:39:44.718206+00'),
	('255349b3-8c28-4dc0-b5a5-3a2a3368679f', 'bce88844-5ee7-4cbd-b5df-558c5ada052c', NULL, 'https://bwcbcmeftplyljgcacvr.supabase.co/storage/v1/object/public/product-images/products/bce88844-5ee7-4cbd-b5df-558c5ada052c/1778773144590-0-b-side.webp', '', 5, false, '2026-05-14 15:39:45.131664+00'),
	('41f22953-5ed1-427a-83fb-392c7ebc25ea', '6a4645b0-f9b5-4fd4-82c9-3b02d9d9f42f', NULL, 'https://bwcbcmeftplyljgcacvr.supabase.co/storage/v1/object/public/product-images/products/6a4645b0-f9b5-4fd4-82c9-3b02d9d9f42f/1778776806294-2-img-20260504-223855.avif', NULL, 2, false, '2026-05-14 16:40:46.419847+00'),
	('46be2675-5c1e-4a89-8f27-04fbff5222ca', '6a4645b0-f9b5-4fd4-82c9-3b02d9d9f42f', NULL, 'https://bwcbcmeftplyljgcacvr.supabase.co/storage/v1/object/public/product-images/products/6a4645b0-f9b5-4fd4-82c9-3b02d9d9f42f/1778776806294-3-img-20260504-224122.avif', '', 4, false, '2026-05-14 16:40:46.430382+00'),
	('73533ab2-185e-4032-990e-e0bfe8d7e7c3', '6a4645b0-f9b5-4fd4-82c9-3b02d9d9f42f', NULL, 'https://bwcbcmeftplyljgcacvr.supabase.co/storage/v1/object/public/product-images/products/6a4645b0-f9b5-4fd4-82c9-3b02d9d9f42f/1778776807049-4-img-20260504-224804.avif', '', 3, false, '2026-05-14 16:40:46.95808+00'),
	('45f2fc2a-1bf9-4aab-8c90-07d6d57fd6f7', 'c30c27d9-1271-4b72-8ac5-2553e188b581', NULL, 'https://bwcbcmeftplyljgcacvr.supabase.co/storage/v1/object/public/product-images/products/c30c27d9-1271-4b72-8ac5-2553e188b581/1778844866781-2-r-side.jpg', '', 0, false, '2026-05-15 11:35:09.113256+00'),
	('fd454a63-3365-43e9-9f22-1b2d5501bb06', 'c30c27d9-1271-4b72-8ac5-2553e188b581', NULL, 'https://bwcbcmeftplyljgcacvr.supabase.co/storage/v1/object/public/product-images/products/c30c27d9-1271-4b72-8ac5-2553e188b581/1778844866777-0-b-side.jpg', '', 2, false, '2026-05-15 11:35:09.108591+00'),
	('64675579-2825-4e1d-9b1f-8f77920269e4', 'c30c27d9-1271-4b72-8ac5-2553e188b581', NULL, 'https://bwcbcmeftplyljgcacvr.supabase.co/storage/v1/object/public/product-images/products/c30c27d9-1271-4b72-8ac5-2553e188b581/1778844866781-3-u-side.jpg', '', 1, false, '2026-05-15 11:35:09.251458+00'),
	('67426adc-7b1e-4b57-9d8e-c35a08baf400', 'c30c27d9-1271-4b72-8ac5-2553e188b581', NULL, 'https://bwcbcmeftplyljgcacvr.supabase.co/storage/v1/object/public/product-images/products/c30c27d9-1271-4b72-8ac5-2553e188b581/1778844866781-1-p-side.jpg', '', 3, false, '2026-05-15 11:35:09.346155+00'),
	('5c8078a5-0a43-4fdf-b8ec-84b723d2cebf', '67db6747-0666-40bd-b393-aa6f2e7ecc83', NULL, 'https://bwcbcmeftplyljgcacvr.supabase.co/storage/v1/object/public/product-images/products/67db6747-0666-40bd-b393-aa6f2e7ecc83/1778867694586-2-r-side.jpg', '', 1, false, '2026-05-15 17:55:38.98844+00'),
	('4f94def2-900a-478c-9f96-76db14e1d147', '67db6747-0666-40bd-b393-aa6f2e7ecc83', NULL, 'https://bwcbcmeftplyljgcacvr.supabase.co/storage/v1/object/public/product-images/products/67db6747-0666-40bd-b393-aa6f2e7ecc83/1778867694586-1-p-side.jpg', '', 2, false, '2026-05-15 17:55:38.899916+00'),
	('dcbefb5b-3ea0-49ab-8ab8-573667424981', '423b16da-2ed6-4ee2-843f-3ccf0884b691', NULL, 'https://bwcbcmeftplyljgcacvr.supabase.co/storage/v1/object/public/product-images/products/423b16da-2ed6-4ee2-843f-3ccf0884b691/1778846438333-1-p-side.jpg', '', 2, false, '2026-05-15 12:01:20.785284+00'),
	('4312bffe-c205-4ba9-ae7b-79833326ace2', '423b16da-2ed6-4ee2-843f-3ccf0884b691', NULL, 'https://bwcbcmeftplyljgcacvr.supabase.co/storage/v1/object/public/product-images/products/423b16da-2ed6-4ee2-843f-3ccf0884b691/1778846438331-0-b-side.jpg', '', 3, false, '2026-05-15 12:01:20.593268+00'),
	('4c15130c-8c69-4c4e-9b7f-f8a4dd23a071', 'bce88844-5ee7-4cbd-b5df-558c5ada052c', NULL, 'https://bwcbcmeftplyljgcacvr.supabase.co/storage/v1/object/public/product-images/products/bce88844-5ee7-4cbd-b5df-558c5ada052c/1778847035369-0-box.jpg', NULL, 0, false, '2026-05-15 12:11:18.456291+00'),
	('6e61a648-2365-4d8c-8f1f-7557cbff9201', 'bce88844-5ee7-4cbd-b5df-558c5ada052c', NULL, 'https://bwcbcmeftplyljgcacvr.supabase.co/storage/v1/object/public/product-images/products/bce88844-5ee7-4cbd-b5df-558c5ada052c/1778847035370-1-r-side2.jpg', NULL, 1, false, '2026-05-15 12:11:18.85513+00'),
	('1450cccf-cdfb-41e8-9be7-f22c24ae9b5c', '6a4645b0-f9b5-4fd4-82c9-3b02d9d9f42f', NULL, 'https://bwcbcmeftplyljgcacvr.supabase.co/storage/v1/object/public/product-images/products/6a4645b0-f9b5-4fd4-82c9-3b02d9d9f42f/1778847603978-0-box-show.jpg', NULL, 0, false, '2026-05-15 12:20:45.929732+00'),
	('818f2ec4-bed7-46ea-84e1-1c49667953fa', '6a4645b0-f9b5-4fd4-82c9-3b02d9d9f42f', NULL, 'https://bwcbcmeftplyljgcacvr.supabase.co/storage/v1/object/public/product-images/products/6a4645b0-f9b5-4fd4-82c9-3b02d9d9f42f/1778847695858-0-r-side.jpg', '', 1, false, '2026-05-15 12:22:17.777911+00'),
	('a6723260-d2c4-41a2-8f72-b50b4a2ecbd0', '423b16da-2ed6-4ee2-843f-3ccf0884b691', NULL, 'https://bwcbcmeftplyljgcacvr.supabase.co/storage/v1/object/public/product-images/products/423b16da-2ed6-4ee2-843f-3ccf0884b691/1778847895083-1-u-side.jpg', NULL, 1, false, '2026-05-15 12:25:37.087477+00'),
	('e8973a5b-1bda-4085-b6d5-632832c9438c', '423b16da-2ed6-4ee2-843f-3ccf0884b691', NULL, 'https://bwcbcmeftplyljgcacvr.supabase.co/storage/v1/object/public/product-images/products/423b16da-2ed6-4ee2-843f-3ccf0884b691/1778847895082-0-r-side.jpg', NULL, 0, false, '2026-05-15 12:25:37.107736+00'),
	('f70c1133-e26d-4a0c-901e-442fade55980', '67db6747-0666-40bd-b393-aa6f2e7ecc83', NULL, 'https://bwcbcmeftplyljgcacvr.supabase.co/storage/v1/object/public/product-images/products/67db6747-0666-40bd-b393-aa6f2e7ecc83/1778867694586-3-u-side.jpg', '', 3, false, '2026-05-15 17:55:39.12487+00'),
	('219d7010-fdfd-44b8-aef5-f4672d67b5e1', '67db6747-0666-40bd-b393-aa6f2e7ecc83', NULL, 'https://bwcbcmeftplyljgcacvr.supabase.co/storage/v1/object/public/product-images/products/67db6747-0666-40bd-b393-aa6f2e7ecc83/1778867694582-0-b-side.jpg', '', 4, false, '2026-05-15 17:55:38.908429+00'),
	('4bd4da15-44c7-4f6a-add2-0a8b244f704b', 'dbf791e4-4908-4517-9066-1de5d2ed6cf7', NULL, 'https://bwcbcmeftplyljgcacvr.supabase.co/storage/v1/object/public/product-images/products/dbf791e4-4908-4517-9066-1de5d2ed6cf7/1778870723384-3-r-angel-side.webp', NULL, 3, false, '2026-05-15 18:46:07.447363+00'),
	('9bd4ebb3-6464-422f-b10a-946b1d7f8722', 'dbf791e4-4908-4517-9066-1de5d2ed6cf7', NULL, 'https://bwcbcmeftplyljgcacvr.supabase.co/storage/v1/object/public/product-images/products/dbf791e4-4908-4517-9066-1de5d2ed6cf7/1778870723384-2-p-side.webp', '', 5, false, '2026-05-15 18:46:07.290747+00'),
	('440a3630-fceb-4a51-bd0a-6b0aedf42c12', 'dbf791e4-4908-4517-9066-1de5d2ed6cf7', NULL, 'https://bwcbcmeftplyljgcacvr.supabase.co/storage/v1/object/public/product-images/products/dbf791e4-4908-4517-9066-1de5d2ed6cf7/1778870724244-4-r-side.webp', '', 1, false, '2026-05-15 18:46:07.70016+00'),
	('c78e5422-b659-4660-b362-ee47fd0bcc19', 'dbf791e4-4908-4517-9066-1de5d2ed6cf7', NULL, 'https://bwcbcmeftplyljgcacvr.supabase.co/storage/v1/object/public/product-images/products/dbf791e4-4908-4517-9066-1de5d2ed6cf7/1778870724354-6-u-side.webp', '', 2, false, '2026-05-15 18:46:07.826876+00'),
	('4e5fa624-ecd0-4348-8cbe-2ae8e539d653', 'dbf791e4-4908-4517-9066-1de5d2ed6cf7', NULL, 'https://bwcbcmeftplyljgcacvr.supabase.co/storage/v1/object/public/product-images/products/dbf791e4-4908-4517-9066-1de5d2ed6cf7/1778870723381-0-2b-side.webp', '', 4, false, '2026-05-15 18:46:07.446917+00'),
	('b03e4ce6-62df-4ba2-a94d-e7ea4d2b8eb0', 'dbf791e4-4908-4517-9066-1de5d2ed6cf7', NULL, 'https://bwcbcmeftplyljgcacvr.supabase.co/storage/v1/object/public/product-images/products/dbf791e4-4908-4517-9066-1de5d2ed6cf7/1778870723384-1-b-side.webp', '', 6, false, '2026-05-15 18:46:07.447481+00'),
	('286dd3db-5066-4ee1-a414-2c9e4bf7a91d', 'dbf791e4-4908-4517-9066-1de5d2ed6cf7', NULL, 'https://bwcbcmeftplyljgcacvr.supabase.co/storage/v1/object/public/product-images/products/dbf791e4-4908-4517-9066-1de5d2ed6cf7/1778870724353-5-s-l1600-2.webp', '', 7, false, '2026-05-15 18:46:07.771664+00'),
	('8ed2498c-f392-4aae-8d29-b2706962f26f', 'bdc8fa3a-127d-4604-b3cd-1f86041ed9cc', NULL, 'https://bwcbcmeftplyljgcacvr.supabase.co/storage/v1/object/public/product-images/products/bdc8fa3a-127d-4604-b3cd-1f86041ed9cc/1778873806202-4-u-side.jpg', '', 1, false, '2026-05-15 19:36:46.570778+00'),
	('3e906d9c-16e3-4b0a-9ca5-92f443166a9b', 'bdc8fa3a-127d-4604-b3cd-1f86041ed9cc', NULL, 'https://bwcbcmeftplyljgcacvr.supabase.co/storage/v1/object/public/product-images/products/bdc8fa3a-127d-4604-b3cd-1f86041ed9cc/1778873805069-3-r-side.jpg', '', 0, true, '2026-05-15 19:36:46.190905+00'),
	('1eede227-07b4-4e3e-bb09-9174e44c63bb', 'bdc8fa3a-127d-4604-b3cd-1f86041ed9cc', NULL, 'https://bwcbcmeftplyljgcacvr.supabase.co/storage/v1/object/public/product-images/products/bdc8fa3a-127d-4604-b3cd-1f86041ed9cc/1778873805069-2-pu-side.jpg', '', 2, false, '2026-05-15 19:36:46.140713+00'),
	('84aeb844-ecd7-4a4a-8852-cb9c28bc1513', 'bdc8fa3a-127d-4604-b3cd-1f86041ed9cc', NULL, 'https://bwcbcmeftplyljgcacvr.supabase.co/storage/v1/object/public/product-images/products/bdc8fa3a-127d-4604-b3cd-1f86041ed9cc/1778873805069-1-p-side.jpg', '', 3, false, '2026-05-15 19:36:46.132714+00'),
	('877e37a1-bdcc-4f1f-967f-0055dea763fc', 'bdc8fa3a-127d-4604-b3cd-1f86041ed9cc', NULL, 'https://bwcbcmeftplyljgcacvr.supabase.co/storage/v1/object/public/product-images/products/bdc8fa3a-127d-4604-b3cd-1f86041ed9cc/1778873805066-0-b-side.jpg', '', 4, false, '2026-05-15 19:36:46.177634+00');


--
-- Data for Name: product_reviews; Type: TABLE DATA; Schema: public; Owner: postgres
--



--
-- Data for Name: user_addresses; Type: TABLE DATA; Schema: public; Owner: postgres
--



--
-- Data for Name: wishlist_items; Type: TABLE DATA; Schema: public; Owner: postgres
--



--
-- Data for Name: buckets; Type: TABLE DATA; Schema: storage; Owner: supabase_storage_admin
--

INSERT INTO "storage"."buckets" ("id", "name", "owner", "created_at", "updated_at", "public", "avif_autodetection", "file_size_limit", "allowed_mime_types", "owner_id", "type") VALUES
	('product-images', 'product-images', NULL, '2025-09-28 12:29:10.054137+00', '2025-09-28 12:29:10.054137+00', true, false, 5242880, '{image/jpeg,image/png,image/webp,image/gif,image/avif}', NULL, 'STANDARD');


--
-- Data for Name: buckets_analytics; Type: TABLE DATA; Schema: storage; Owner: supabase_storage_admin
--



--
-- Data for Name: buckets_vectors; Type: TABLE DATA; Schema: storage; Owner: supabase_storage_admin
--



--
-- Data for Name: objects; Type: TABLE DATA; Schema: storage; Owner: supabase_storage_admin
--

INSERT INTO "storage"."objects" ("id", "bucket_id", "name", "owner", "created_at", "updated_at", "last_accessed_at", "metadata", "version", "owner_id", "user_metadata") VALUES
	('361ace81-421b-4a38-9763-f55ca93cf598', 'product-images', 'products/bce88844-5ee7-4cbd-b5df-558c5ada052c/1778846851497-0-box.jpg', '2ce470b1-2b5c-4992-9e95-809565b828cc', '2026-05-15 12:08:13.887417+00', '2026-05-15 12:08:13.887417+00', '2026-05-15 12:08:13.887417+00', '{"eTag": "\"911577f451a07994306f28a8aed24d72\"", "size": 1528992, "mimetype": "image/jpeg", "cacheControl": "max-age=3600", "lastModified": "2026-05-15T12:08:14.000Z", "contentLength": 1528992, "httpStatusCode": 200}', '198b5f78-23b4-470e-bd08-019ac407dfbf', '2ce470b1-2b5c-4992-9e95-809565b828cc', '{}'),
	('1790f076-f7aa-43d5-86ab-35cdae27ba75', 'product-images', '.emptyFolderPlaceholder', NULL, '2026-04-30 17:29:15.370141+00', '2026-04-30 17:29:15.370141+00', '2026-04-30 17:29:15.370141+00', '{"eTag": "\"d41d8cd98f00b204e9800998ecf8427e\"", "size": 0, "mimetype": "application/octet-stream", "cacheControl": "max-age=3600", "lastModified": "2026-04-30T17:29:15.368Z", "contentLength": 0, "httpStatusCode": 200}', 'f5192981-f2cf-445e-83c2-5439f70309ae', NULL, '{}'),
	('0c506745-1d93-46e7-aba6-c93068b52ca1', 'product-images', 'products/dbf791e4-4908-4517-9066-1de5d2ed6cf7/1778870723384-1-b-side.webp', '2ce470b1-2b5c-4992-9e95-809565b828cc', '2026-05-15 18:46:07.158+00', '2026-05-15 18:46:07.158+00', '2026-05-15 18:46:07.158+00', '{"eTag": "\"267fff2d00b96e4070dd16d951ea56e1\"", "size": 468922, "mimetype": "image/webp", "cacheControl": "max-age=3600", "lastModified": "2026-05-15T18:46:08.000Z", "contentLength": 468922, "httpStatusCode": 200}', '4e74876e-8f8e-40c5-96ba-9de4e9bca39d', '2ce470b1-2b5c-4992-9e95-809565b828cc', '{}'),
	('0a0e5db7-266e-407f-93b6-be54ea080739', 'product-images', 'products/92eb9090-eeae-44e2-bd95-63352baa26cb/1777572590676-0-img-20260410-224352.webp', '2ce470b1-2b5c-4992-9e95-809565b828cc', '2026-04-30 18:09:52.480502+00', '2026-04-30 18:09:52.480502+00', '2026-04-30 18:09:52.480502+00', '{"eTag": "\"1705e1a4eeae5ed79180cb786b9bca20\"", "size": 953356, "mimetype": "image/webp", "cacheControl": "max-age=3600", "lastModified": "2026-04-30T18:09:53.000Z", "contentLength": 953356, "httpStatusCode": 200}', '0770a9cc-cf8c-4e71-8dd9-db1dc7522d6b', '2ce470b1-2b5c-4992-9e95-809565b828cc', '{}'),
	('8759f80a-4dfd-43fc-855b-66389d41ccd3', 'product-images', 'products/92eb9090-eeae-44e2-bd95-63352baa26cb/1777572590677-2-img-20260410-224923.webp', '2ce470b1-2b5c-4992-9e95-809565b828cc', '2026-04-30 18:09:52.490791+00', '2026-04-30 18:09:52.490791+00', '2026-04-30 18:09:52.490791+00', '{"eTag": "\"0022707a8ca9de0dfd193e74c72d3b45\"", "size": 1077392, "mimetype": "image/webp", "cacheControl": "max-age=3600", "lastModified": "2026-04-30T18:09:53.000Z", "contentLength": 1077392, "httpStatusCode": 200}', '3010ada8-4929-4ed3-9f6c-f936e2810fec', '2ce470b1-2b5c-4992-9e95-809565b828cc', '{}'),
	('f950da62-fff8-4d1f-8207-aacc4ac67872', 'product-images', 'products/92eb9090-eeae-44e2-bd95-63352baa26cb/1777572590677-3-img-20260410-225023.webp', '2ce470b1-2b5c-4992-9e95-809565b828cc', '2026-04-30 18:09:52.510296+00', '2026-04-30 18:09:52.510296+00', '2026-04-30 18:09:52.510296+00', '{"eTag": "\"a3e5491d09954de9a52bde1fc800ad00\"", "size": 660830, "mimetype": "image/webp", "cacheControl": "max-age=3600", "lastModified": "2026-04-30T18:09:53.000Z", "contentLength": 660830, "httpStatusCode": 200}', '598841f8-b5ce-4830-804f-0e00e0256523', '2ce470b1-2b5c-4992-9e95-809565b828cc', '{}'),
	('e34ddc6a-5d26-4b6f-9d96-f4389f3289c4', 'product-images', 'products/92eb9090-eeae-44e2-bd95-63352baa26cb/1777572590677-1-img-20260410-224533.webp', '2ce470b1-2b5c-4992-9e95-809565b828cc', '2026-04-30 18:09:52.552234+00', '2026-04-30 18:09:52.552234+00', '2026-04-30 18:09:52.552234+00', '{"eTag": "\"80d80acbd72ebb8a61129e89e97e4af5\"", "size": 1102636, "mimetype": "image/webp", "cacheControl": "max-age=3600", "lastModified": "2026-04-30T18:09:53.000Z", "contentLength": 1102636, "httpStatusCode": 200}', '2455a78a-4251-45f2-9000-2c2520974189', '2ce470b1-2b5c-4992-9e95-809565b828cc', '{}'),
	('dbfb3b76-bd5b-4328-9941-12716123999f', 'product-images', 'products/92eb9090-eeae-44e2-bd95-63352baa26cb/1777572592493-4-img-20260410-225036.webp', '2ce470b1-2b5c-4992-9e95-809565b828cc', '2026-04-30 18:09:53.169547+00', '2026-04-30 18:09:53.169547+00', '2026-04-30 18:09:53.169547+00', '{"eTag": "\"d59a5c53d7a89b6accf99fb53bb0500f\"", "size": 371624, "mimetype": "image/webp", "cacheControl": "max-age=3600", "lastModified": "2026-04-30T18:09:54.000Z", "contentLength": 371624, "httpStatusCode": 200}', 'd738632c-09c8-4535-8623-59a882aa9c6c', '2ce470b1-2b5c-4992-9e95-809565b828cc', '{}'),
	('154e2d95-3127-4543-900f-c2b86a32172d', 'product-images', 'products/fa055f2b-5910-4217-8235-0312b39f44bc/1777575176232-1-img-20260414-010520.webp', '2ce470b1-2b5c-4992-9e95-809565b828cc', '2026-04-30 18:52:57.338482+00', '2026-04-30 18:52:57.338482+00', '2026-04-30 18:52:57.338482+00', '{"eTag": "\"c034af43f54652c91230afe947904ad1\"", "size": 324194, "mimetype": "image/webp", "cacheControl": "max-age=3600", "lastModified": "2026-04-30T18:52:58.000Z", "contentLength": 324194, "httpStatusCode": 200}', '324ae24d-1e39-4e2d-a095-293cdc7a4871', '2ce470b1-2b5c-4992-9e95-809565b828cc', '{}'),
	('8bc28777-3681-4003-aecb-394f2050fd71', 'product-images', 'products/fa055f2b-5910-4217-8235-0312b39f44bc/1777575176232-0-img-20260414-010055.webp', '2ce470b1-2b5c-4992-9e95-809565b828cc', '2026-04-30 18:52:57.330457+00', '2026-04-30 18:52:57.330457+00', '2026-04-30 18:52:57.330457+00', '{"eTag": "\"a5e526b0ffe2af29fdac9e48b1588632\"", "size": 366158, "mimetype": "image/webp", "cacheControl": "max-age=3600", "lastModified": "2026-04-30T18:52:58.000Z", "contentLength": 366158, "httpStatusCode": 200}', 'c8f4824f-c0c0-4d32-814b-b3f3ec69dede', '2ce470b1-2b5c-4992-9e95-809565b828cc', '{}'),
	('a6a0fbec-ce15-432f-835d-e0f58849e5ec', 'product-images', 'products/423b16da-2ed6-4ee2-843f-3ccf0884b691/1778847895082-0-r-side.jpg', '2ce470b1-2b5c-4992-9e95-809565b828cc', '2026-05-15 12:25:36.991071+00', '2026-05-15 12:25:36.991071+00', '2026-05-15 12:25:36.991071+00', '{"eTag": "\"83c37ab81e2a05988c68a8a93bc90db6\"", "size": 605334, "mimetype": "image/jpeg", "cacheControl": "max-age=3600", "lastModified": "2026-05-15T12:25:37.000Z", "contentLength": 605334, "httpStatusCode": 200}', 'ffeb7ee8-3172-47b1-b17b-301dcc185637', '2ce470b1-2b5c-4992-9e95-809565b828cc', '{}'),
	('7c4722d5-6576-4542-a423-aceaa7cc0286', 'product-images', 'products/dbf791e4-4908-4517-9066-1de5d2ed6cf7/1778870723384-3-r-angel-side.webp', '2ce470b1-2b5c-4992-9e95-809565b828cc', '2026-05-15 18:46:07.131182+00', '2026-05-15 18:46:07.131182+00', '2026-05-15 18:46:07.131182+00', '{"eTag": "\"86247bae40a6293c6c438d6ae658e0b7\"", "size": 546646, "mimetype": "image/webp", "cacheControl": "max-age=3600", "lastModified": "2026-05-15T18:46:08.000Z", "contentLength": 546646, "httpStatusCode": 200}', '418619ff-5bbf-4a27-8fcf-d6680fc913de', '2ce470b1-2b5c-4992-9e95-809565b828cc', '{}'),
	('eaf2592f-cc68-4be2-8630-309eaf84003a', 'product-images', 'products/fa055f2b-5910-4217-8235-0312b39f44bc/1777575176232-3-img-20260414-010942.webp', '2ce470b1-2b5c-4992-9e95-809565b828cc', '2026-04-30 18:52:57.339558+00', '2026-04-30 18:52:57.339558+00', '2026-04-30 18:52:57.339558+00', '{"eTag": "\"62ff7127556b9eda5b9bd4d1164ae7f1\"", "size": 388032, "mimetype": "image/webp", "cacheControl": "max-age=3600", "lastModified": "2026-04-30T18:52:58.000Z", "contentLength": 388032, "httpStatusCode": 200}', '92326d30-0703-462c-b4c2-8a79cc5be1e4', '2ce470b1-2b5c-4992-9e95-809565b828cc', '{}'),
	('7fdf0b59-10a3-488a-a8ec-9dbaf8350d97', 'product-images', 'products/bce88844-5ee7-4cbd-b5df-558c5ada052c/1778847035370-1-r-side2.jpg', '2ce470b1-2b5c-4992-9e95-809565b828cc', '2026-05-15 12:11:17.768595+00', '2026-05-15 12:11:17.768595+00', '2026-05-15 12:11:17.768595+00', '{"eTag": "\"e643a968d1be39e631d30d85a554b1d0\"", "size": 938276, "mimetype": "image/jpeg", "cacheControl": "max-age=3600", "lastModified": "2026-05-15T12:11:18.000Z", "contentLength": 938276, "httpStatusCode": 200}', '2bea9f37-a798-4f27-bc78-2fa8bcfd4f7e', '2ce470b1-2b5c-4992-9e95-809565b828cc', '{}'),
	('40757eaf-ae0e-4de7-b7da-4d354676e4f7', 'product-images', 'products/bce88844-5ee7-4cbd-b5df-558c5ada052c/1778847035369-0-box.jpg', '2ce470b1-2b5c-4992-9e95-809565b828cc', '2026-05-15 12:11:17.850457+00', '2026-05-15 12:11:17.850457+00', '2026-05-15 12:11:17.850457+00', '{"eTag": "\"938e283e268fc429738d341e4997900f\"", "size": 1274358, "mimetype": "image/jpeg", "cacheControl": "max-age=3600", "lastModified": "2026-05-15T12:11:18.000Z", "contentLength": 1274358, "httpStatusCode": 200}', 'd9550cfe-f0dc-4ad5-afbb-cb16deaaf98d', '2ce470b1-2b5c-4992-9e95-809565b828cc', '{}'),
	('ccb21309-ae42-404a-972a-2f36e91c47a0', 'product-images', 'products/bce88844-5ee7-4cbd-b5df-558c5ada052c/1778847495555-0-box-show.jpg', '2ce470b1-2b5c-4992-9e95-809565b828cc', '2026-05-15 12:18:57.45995+00', '2026-05-15 12:18:57.45995+00', '2026-05-15 12:18:57.45995+00', '{"eTag": "\"5362f7f2209f49c47bdfc7d6cc9461e6\"", "size": 941246, "mimetype": "image/jpeg", "cacheControl": "max-age=3600", "lastModified": "2026-05-15T12:18:58.000Z", "contentLength": 941246, "httpStatusCode": 200}', 'a462caf5-11ef-4f19-9929-b9f752093d70', '2ce470b1-2b5c-4992-9e95-809565b828cc', '{}'),
	('b72f9bb8-1513-4553-b901-6bc422428fea', 'product-images', 'products/6a4645b0-f9b5-4fd4-82c9-3b02d9d9f42f/1778847603978-0-box-show.jpg', '2ce470b1-2b5c-4992-9e95-809565b828cc', '2026-05-15 12:20:45.84087+00', '2026-05-15 12:20:45.84087+00', '2026-05-15 12:20:45.84087+00', '{"eTag": "\"5362f7f2209f49c47bdfc7d6cc9461e6\"", "size": 941246, "mimetype": "image/jpeg", "cacheControl": "max-age=3600", "lastModified": "2026-05-15T12:20:46.000Z", "contentLength": 941246, "httpStatusCode": 200}', '77d48df5-525b-4136-bb5a-a3b53ba9f6ec', '2ce470b1-2b5c-4992-9e95-809565b828cc', '{}'),
	('4cd13b95-d28b-401d-8f7b-eb9c22ab46ef', 'product-images', 'products/6a4645b0-f9b5-4fd4-82c9-3b02d9d9f42f/1778847695858-0-r-side.jpg', '2ce470b1-2b5c-4992-9e95-809565b828cc', '2026-05-15 12:22:17.635997+00', '2026-05-15 12:22:17.635997+00', '2026-05-15 12:22:17.635997+00', '{"eTag": "\"0b6c4097d2fda6b5d8a319a461e60271\"", "size": 723921, "mimetype": "image/jpeg", "cacheControl": "max-age=3600", "lastModified": "2026-05-15T12:22:18.000Z", "contentLength": 723921, "httpStatusCode": 200}', '82fddbc5-c785-402c-86b2-7d260628078e', '2ce470b1-2b5c-4992-9e95-809565b828cc', '{}'),
	('f0b53f96-4c7e-421a-8d0c-2f5608d6fb01', 'product-images', 'products/423b16da-2ed6-4ee2-843f-3ccf0884b691/1778847895083-1-u-side.jpg', '2ce470b1-2b5c-4992-9e95-809565b828cc', '2026-05-15 12:25:36.977919+00', '2026-05-15 12:25:36.977919+00', '2026-05-15 12:25:36.977919+00', '{"eTag": "\"d18b1e8c6068080cd76ac4801e762adb\"", "size": 539834, "mimetype": "image/jpeg", "cacheControl": "max-age=3600", "lastModified": "2026-05-15T12:25:37.000Z", "contentLength": 539834, "httpStatusCode": 200}', '768b8152-5af9-4698-a54c-ff6f2c47a341', '2ce470b1-2b5c-4992-9e95-809565b828cc', '{}'),
	('3751bced-47aa-4a06-8315-3babc6fbfe81', 'product-images', 'products/dbf791e4-4908-4517-9066-1de5d2ed6cf7/1778870724354-6-u-side.webp', '2ce470b1-2b5c-4992-9e95-809565b828cc', '2026-05-15 18:46:07.714657+00', '2026-05-15 18:46:07.714657+00', '2026-05-15 18:46:07.714657+00', '{"eTag": "\"3b5ff3ff2c2dbaafafec089f194e32cd\"", "size": 528940, "mimetype": "image/webp", "cacheControl": "max-age=3600", "lastModified": "2026-05-15T18:46:08.000Z", "contentLength": 528940, "httpStatusCode": 200}', '7aab54d9-8b7b-4607-b246-612e1413a178', '2ce470b1-2b5c-4992-9e95-809565b828cc', '{}'),
	('23993ac0-4c45-4fdc-861d-5d085342d8e7', 'product-images', 'products/fa055f2b-5910-4217-8235-0312b39f44bc/1777575176232-2-img-20260414-010537.webp', '2ce470b1-2b5c-4992-9e95-809565b828cc', '2026-04-30 18:52:57.351249+00', '2026-04-30 18:52:57.351249+00', '2026-04-30 18:52:57.351249+00', '{"eTag": "\"635235917274f1cdec995a050a74fa50\"", "size": 461714, "mimetype": "image/webp", "cacheControl": "max-age=3600", "lastModified": "2026-04-30T18:52:58.000Z", "contentLength": 461714, "httpStatusCode": 200}', '3274fa04-e9b2-4fc5-84b6-195705022818', '2ce470b1-2b5c-4992-9e95-809565b828cc', '{}'),
	('361efe2c-4671-4ff3-8dbf-da09a2512ceb', 'product-images', 'products/d3951dda-5b2a-445a-b350-83ae2d9b77ae/1777655397667-1-img-20260414-010520.webp', '2ce470b1-2b5c-4992-9e95-809565b828cc', '2026-05-01 17:09:57.865729+00', '2026-05-01 17:09:57.865729+00', '2026-05-01 17:09:57.865729+00', '{"eTag": "\"c034af43f54652c91230afe947904ad1\"", "size": 324194, "mimetype": "image/webp", "cacheControl": "max-age=3600", "lastModified": "2026-05-01T17:09:58.000Z", "contentLength": 324194, "httpStatusCode": 200}', 'd6b82254-0baa-4b4e-8bab-a9287eb0fdbc', '2ce470b1-2b5c-4992-9e95-809565b828cc', '{}'),
	('413c7a08-4e15-481a-81c4-16f987a5ee10', 'product-images', 'products/d3951dda-5b2a-445a-b350-83ae2d9b77ae/1777655397666-0-img-20260414-010055.webp', '2ce470b1-2b5c-4992-9e95-809565b828cc', '2026-05-01 17:09:57.969819+00', '2026-05-01 17:09:57.969819+00', '2026-05-01 17:09:57.969819+00', '{"eTag": "\"a5e526b0ffe2af29fdac9e48b1588632\"", "size": 366158, "mimetype": "image/webp", "cacheControl": "max-age=3600", "lastModified": "2026-05-01T17:09:58.000Z", "contentLength": 366158, "httpStatusCode": 200}', 'deb0fd21-2545-4210-ac6e-aebf05d30e1a', '2ce470b1-2b5c-4992-9e95-809565b828cc', '{}'),
	('4e5005a4-df6a-4906-ba61-2dd83354469c', 'product-images', 'products/d3951dda-5b2a-445a-b350-83ae2d9b77ae/1777655397667-3-img-20260414-010942.webp', '2ce470b1-2b5c-4992-9e95-809565b828cc', '2026-05-01 17:09:57.999347+00', '2026-05-01 17:09:57.999347+00', '2026-05-01 17:09:57.999347+00', '{"eTag": "\"62ff7127556b9eda5b9bd4d1164ae7f1\"", "size": 388032, "mimetype": "image/webp", "cacheControl": "max-age=3600", "lastModified": "2026-05-01T17:09:58.000Z", "contentLength": 388032, "httpStatusCode": 200}', '1c65f21d-1481-4b65-97c2-85e3a09635e2', '2ce470b1-2b5c-4992-9e95-809565b828cc', '{}'),
	('ef45a270-a1aa-4e33-8e92-f9b5c4342747', 'product-images', 'products/d3951dda-5b2a-445a-b350-83ae2d9b77ae/1777655397667-2-img-20260414-010537.webp', '2ce470b1-2b5c-4992-9e95-809565b828cc', '2026-05-01 17:09:58.033567+00', '2026-05-01 17:09:58.033567+00', '2026-05-01 17:09:58.033567+00', '{"eTag": "\"635235917274f1cdec995a050a74fa50\"", "size": 461714, "mimetype": "image/webp", "cacheControl": "max-age=3600", "lastModified": "2026-05-01T17:09:58.000Z", "contentLength": 461714, "httpStatusCode": 200}', '12907d20-7a10-410e-890f-8ca643f6f822', '2ce470b1-2b5c-4992-9e95-809565b828cc', '{}'),
	('2900b926-4138-43bb-9d80-4dbf3ff5f6be', 'product-images', 'categories/269d778b-6f92-4fc6-9407-9df3e65d8170/cover.webp', '2ce470b1-2b5c-4992-9e95-809565b828cc', '2026-05-04 16:46:32.519356+00', '2026-05-04 16:46:32.519356+00', '2026-05-04 16:46:32.519356+00', '{"eTag": "\"1bee563487a364a837e3655fe1025447\"", "size": 24242, "mimetype": "image/webp", "cacheControl": "max-age=3600", "lastModified": "2026-05-04T16:46:33.000Z", "contentLength": 24242, "httpStatusCode": 200}', '4a3374ee-66d1-4634-b5a1-d2516ead3045', '2ce470b1-2b5c-4992-9e95-809565b828cc', '{}'),
	('3a0b8215-f0b5-4041-954e-7bd7c2810649', 'product-images', 'categories/32bc639e-153f-46bc-83bd-a86b6d0d8e58/cover.avif', '2ce470b1-2b5c-4992-9e95-809565b828cc', '2026-05-13 09:52:11.577455+00', '2026-05-13 09:52:11.577455+00', '2026-05-13 09:52:11.577455+00', '{"eTag": "\"8cd3ede38352561a8843cda71d4a5840\"", "size": 7525, "mimetype": "image/avif", "cacheControl": "max-age=3600", "lastModified": "2026-05-13T09:52:12.000Z", "contentLength": 7525, "httpStatusCode": 200}', 'a1e166bb-8112-4cf2-98dd-738a0720c80d', '2ce470b1-2b5c-4992-9e95-809565b828cc', '{}'),
	('ca946892-9a78-4d86-a5ad-09a5d1f208f2', 'product-images', 'categories/32bc639e-153f-46bc-83bd-a86b6d0d8e58/cover.png', '2ce470b1-2b5c-4992-9e95-809565b828cc', '2026-05-13 09:53:58.884781+00', '2026-05-13 10:14:25.769909+00', '2026-05-13 09:53:58.884781+00', '{"eTag": "\"336c73d852e413fcfae319ca743559d2\"", "size": 108019, "mimetype": "image/png", "cacheControl": "max-age=3600", "lastModified": "2026-05-13T10:14:26.000Z", "contentLength": 108019, "httpStatusCode": 200}', 'f36a11e2-fa78-49aa-9274-c35b3d1f21ac', '2ce470b1-2b5c-4992-9e95-809565b828cc', '{}'),
	('623213e0-bb1b-403a-9095-a28dfca265d5', 'product-images', 'categories/bf775c28-42fe-4d7b-a35c-b78a0e451932/cover.png', '2ce470b1-2b5c-4992-9e95-809565b828cc', '2026-05-13 13:09:57.75401+00', '2026-05-13 13:09:57.75401+00', '2026-05-13 13:09:57.75401+00', '{"eTag": "\"4fbaebf2ab672c1eada6b9b0d9411508\"", "size": 4308179, "mimetype": "image/png", "cacheControl": "max-age=3600", "lastModified": "2026-05-13T13:09:58.000Z", "contentLength": 4308179, "httpStatusCode": 200}', '1c84b331-7ca1-45b3-98b3-abed5b0f1498', '2ce470b1-2b5c-4992-9e95-809565b828cc', '{}'),
	('6c1947fe-79db-422f-b48b-0cd3326ba4a9', 'product-images', 'categories/589b943c-8f16-4ba1-bc6e-afe96f544a31/cover.png', '2ce470b1-2b5c-4992-9e95-809565b828cc', '2026-05-13 13:01:41.712224+00', '2026-05-13 13:08:11.306517+00', '2026-05-13 13:01:41.712224+00', '{"eTag": "\"7780d8a30aa4c67b5567e9678e1d5c43\"", "size": 4677335, "mimetype": "image/png", "cacheControl": "max-age=3600", "lastModified": "2026-05-13T13:08:12.000Z", "contentLength": 4677335, "httpStatusCode": 200}', '61c205b6-bab1-4088-bd13-724cbef39bbf', '2ce470b1-2b5c-4992-9e95-809565b828cc', '{}'),
	('f90c3302-256c-44da-b748-1c6e0c3cc78b', 'product-images', 'products/b7bb0cfb-4598-497b-a8d6-9d1fcdcd4deb/1778678584710-3-img-20260410-225036.webp', '2ce470b1-2b5c-4992-9e95-809565b828cc', '2026-05-13 13:23:06.591745+00', '2026-05-13 13:23:06.591745+00', '2026-05-13 13:23:06.591745+00', '{"eTag": "\"d59a5c53d7a89b6accf99fb53bb0500f\"", "size": 371624, "mimetype": "image/webp", "cacheControl": "max-age=3600", "lastModified": "2026-05-13T13:23:07.000Z", "contentLength": 371624, "httpStatusCode": 200}', 'ed43febc-5d1a-4d48-877a-60080bd80e70', '2ce470b1-2b5c-4992-9e95-809565b828cc', '{}'),
	('0ba28463-c539-4e3c-9d83-a196e6891cd2', 'product-images', 'categories/46241d06-88ee-40e4-981e-ffb99b7239e5/cover.png', '2ce470b1-2b5c-4992-9e95-809565b828cc', '2026-05-13 13:03:43.959455+00', '2026-05-15 06:21:40.626524+00', '2026-05-13 13:03:43.959455+00', '{"eTag": "\"3e43c075b5ca7c25506600ef77dd7a66\"", "size": 1811191, "mimetype": "image/png", "cacheControl": "max-age=3600", "lastModified": "2026-05-15T06:21:41.000Z", "contentLength": 1811191, "httpStatusCode": 200}', '13a2d208-884c-43c1-8752-7d502564f578', '2ce470b1-2b5c-4992-9e95-809565b828cc', '{}'),
	('788a7a9c-f23c-4ca8-ba33-109da33d46c0', 'product-images', 'products/b7bb0cfb-4598-497b-a8d6-9d1fcdcd4deb/1778678584706-0-img-20260410-224352.webp', '2ce470b1-2b5c-4992-9e95-809565b828cc', '2026-05-13 13:23:06.766926+00', '2026-05-13 13:23:06.766926+00', '2026-05-13 13:23:06.766926+00', '{"eTag": "\"1705e1a4eeae5ed79180cb786b9bca20\"", "size": 953356, "mimetype": "image/webp", "cacheControl": "max-age=3600", "lastModified": "2026-05-13T13:23:07.000Z", "contentLength": 953356, "httpStatusCode": 200}', '8638c984-b1fc-45a0-964e-5e4a54681cf0', '2ce470b1-2b5c-4992-9e95-809565b828cc', '{}'),
	('f40bfc27-10c7-4e8a-a55c-df67b2d826b4', 'product-images', 'products/67db6747-0666-40bd-b393-aa6f2e7ecc83/1778867694582-0-b-side.jpg', '2ce470b1-2b5c-4992-9e95-809565b828cc', '2026-05-15 17:55:38.775122+00', '2026-05-15 17:55:38.775122+00', '2026-05-15 17:55:38.775122+00', '{"eTag": "\"fbd3eda4ed8c1b89a91426ea9ed50f89\"", "size": 1294972, "mimetype": "image/jpeg", "cacheControl": "max-age=3600", "lastModified": "2026-05-15T17:55:39.000Z", "contentLength": 1294972, "httpStatusCode": 200}', 'aa3b8ff7-9067-4c9f-a96f-51b5cbbb5f09', '2ce470b1-2b5c-4992-9e95-809565b828cc', '{}'),
	('f91b9135-7c22-40a0-92a8-c2adf47d5d35', 'product-images', 'products/b7bb0cfb-4598-497b-a8d6-9d1fcdcd4deb/1778678584710-2-img-20260410-224923.webp', '2ce470b1-2b5c-4992-9e95-809565b828cc', '2026-05-13 13:23:06.959745+00', '2026-05-13 13:23:06.959745+00', '2026-05-13 13:23:06.959745+00', '{"eTag": "\"0022707a8ca9de0dfd193e74c72d3b45\"", "size": 1077392, "mimetype": "image/webp", "cacheControl": "max-age=3600", "lastModified": "2026-05-13T13:23:07.000Z", "contentLength": 1077392, "httpStatusCode": 200}', '6da8a1d7-75b7-4f38-bb88-924b6b5f5118', '2ce470b1-2b5c-4992-9e95-809565b828cc', '{}'),
	('5e9ddf4c-47c7-4618-abc5-16d5dd8f8b89', 'product-images', 'products/b7bb0cfb-4598-497b-a8d6-9d1fcdcd4deb/1778678584710-1-img-20260410-224533.webp', '2ce470b1-2b5c-4992-9e95-809565b828cc', '2026-05-13 13:23:06.982835+00', '2026-05-13 13:23:06.982835+00', '2026-05-13 13:23:06.982835+00', '{"eTag": "\"80d80acbd72ebb8a61129e89e97e4af5\"", "size": 1102636, "mimetype": "image/webp", "cacheControl": "max-age=3600", "lastModified": "2026-05-13T13:23:07.000Z", "contentLength": 1102636, "httpStatusCode": 200}', 'fc31ebdd-0ac1-4bba-b7e3-d375a68316ac', '2ce470b1-2b5c-4992-9e95-809565b828cc', '{}'),
	('7909817e-c619-4ac9-b7a9-c66940112837', 'product-images', 'categories/dec4edb1-4b15-4842-a00f-5392e3d04797/cover.png', '2ce470b1-2b5c-4992-9e95-809565b828cc', '2026-05-13 14:35:50.199263+00', '2026-05-13 14:35:50.199263+00', '2026-05-13 14:35:50.199263+00', '{"eTag": "\"99afe27e2e6ff975b1acaa2214ec8227\"", "size": 1101885, "mimetype": "image/png", "cacheControl": "max-age=3600", "lastModified": "2026-05-13T14:35:51.000Z", "contentLength": 1101885, "httpStatusCode": 200}', '22375843-e571-4f6f-b96b-f0b9d600b891', '2ce470b1-2b5c-4992-9e95-809565b828cc', '{}'),
	('f895e450-e975-4ee0-acaf-93f75936a113', 'product-images', 'categories/6f94fe7d-5e4b-4c12-825f-f5a4dc667d47/cover.png', '2ce470b1-2b5c-4992-9e95-809565b828cc', '2026-05-13 15:06:04.513691+00', '2026-05-13 15:06:04.513691+00', '2026-05-13 15:06:04.513691+00', '{"eTag": "\"0fe098721603483579e28ae4c323c1e4\"", "size": 248103, "mimetype": "image/png", "cacheControl": "max-age=3600", "lastModified": "2026-05-13T15:06:05.000Z", "contentLength": 248103, "httpStatusCode": 200}', '2df0feeb-b307-40c6-b22d-71f37a4c1337', '2ce470b1-2b5c-4992-9e95-809565b828cc', '{}'),
	('32d119e0-42e9-4077-9873-4c1b7c2919cb', 'product-images', 'products/b4eb1a1f-a8ca-40fb-af2f-c36ffd2eb6ac/1778690897235-3-img-20260410-225036.webp', '2ce470b1-2b5c-4992-9e95-809565b828cc', '2026-05-13 16:48:18.719002+00', '2026-05-13 16:48:18.719002+00', '2026-05-13 16:48:18.719002+00', '{"eTag": "\"d59a5c53d7a89b6accf99fb53bb0500f\"", "size": 371624, "mimetype": "image/webp", "cacheControl": "max-age=3600", "lastModified": "2026-05-13T16:48:19.000Z", "contentLength": 371624, "httpStatusCode": 200}', 'a94e69f0-5913-4646-afb9-68ae2cd917f8', '2ce470b1-2b5c-4992-9e95-809565b828cc', '{}'),
	('09652a79-94b0-4eb6-9ea3-d1d16f39f600', 'product-images', 'products/b4eb1a1f-a8ca-40fb-af2f-c36ffd2eb6ac/1778690897235-1-img-20260410-224923.webp', '2ce470b1-2b5c-4992-9e95-809565b828cc', '2026-05-13 16:48:18.903747+00', '2026-05-13 16:48:18.903747+00', '2026-05-13 16:48:18.903747+00', '{"eTag": "\"0022707a8ca9de0dfd193e74c72d3b45\"", "size": 1077392, "mimetype": "image/webp", "cacheControl": "max-age=3600", "lastModified": "2026-05-13T16:48:19.000Z", "contentLength": 1077392, "httpStatusCode": 200}', 'f61ba3fe-a3ec-4204-950f-707e33699385', '2ce470b1-2b5c-4992-9e95-809565b828cc', '{}'),
	('b0d6777f-e6d8-4c4e-b7d6-d85e54f42074', 'product-images', 'products/b4eb1a1f-a8ca-40fb-af2f-c36ffd2eb6ac/1778690897231-0-img-20260410-224533.webp', '2ce470b1-2b5c-4992-9e95-809565b828cc', '2026-05-13 16:48:19.017961+00', '2026-05-13 16:48:19.017961+00', '2026-05-13 16:48:19.017961+00', '{"eTag": "\"80d80acbd72ebb8a61129e89e97e4af5\"", "size": 1102636, "mimetype": "image/webp", "cacheControl": "max-age=3600", "lastModified": "2026-05-13T16:48:19.000Z", "contentLength": 1102636, "httpStatusCode": 200}', '554db117-fe99-4583-8418-5b3abdbd5304', '2ce470b1-2b5c-4992-9e95-809565b828cc', '{}'),
	('1404ba1b-17e4-4925-a490-64408cc15dde', 'product-images', 'products/67db6747-0666-40bd-b393-aa6f2e7ecc83/1778867694586-3-u-side.jpg', '2ce470b1-2b5c-4992-9e95-809565b828cc', '2026-05-15 17:55:38.77467+00', '2026-05-15 17:55:38.77467+00', '2026-05-15 17:55:38.77467+00', '{"eTag": "\"534722dd2bc28e3971d93b56bff56cd3\"", "size": 1218274, "mimetype": "image/jpeg", "cacheControl": "max-age=3600", "lastModified": "2026-05-15T17:55:39.000Z", "contentLength": 1218274, "httpStatusCode": 200}', 'a740ca29-f488-4f4a-8faa-cecd28b676e5', '2ce470b1-2b5c-4992-9e95-809565b828cc', '{}'),
	('242100be-349c-4118-9e69-3f0611546536', 'product-images', 'products/bdc8fa3a-127d-4604-b3cd-1f86041ed9cc/1778873805069-2-pu-side.jpg', '2ce470b1-2b5c-4992-9e95-809565b828cc', '2026-05-15 19:36:46.04639+00', '2026-05-15 19:36:46.04639+00', '2026-05-15 19:36:46.04639+00', '{"eTag": "\"5ad9253f5c983d44152d243750af8273\"", "size": 1597771, "mimetype": "image/jpeg", "cacheControl": "max-age=3600", "lastModified": "2026-05-15T19:36:47.000Z", "contentLength": 1597771, "httpStatusCode": 200}', '2ba62819-25fc-43d9-be94-13c6abb7a8c7', '2ce470b1-2b5c-4992-9e95-809565b828cc', '{}'),
	('cf4c97da-d871-4ff7-b540-d0f39d576d85', 'product-images', 'products/bdc8fa3a-127d-4604-b3cd-1f86041ed9cc/1778873805069-3-r-side.jpg', '2ce470b1-2b5c-4992-9e95-809565b828cc', '2026-05-15 19:36:46.063306+00', '2026-05-15 19:36:46.063306+00', '2026-05-15 19:36:46.063306+00', '{"eTag": "\"4f33c3405fb2d7bdb34c2424754a274b\"", "size": 1429666, "mimetype": "image/jpeg", "cacheControl": "max-age=3600", "lastModified": "2026-05-15T19:36:46.000Z", "contentLength": 1429666, "httpStatusCode": 200}', '7e09cff1-659e-472c-aa50-d501e8000eb8', '2ce470b1-2b5c-4992-9e95-809565b828cc', '{}'),
	('d0401116-b2fb-4977-b050-791e313f2645', 'product-images', 'products/bdc8fa3a-127d-4604-b3cd-1f86041ed9cc/1778873805066-0-b-side.jpg', '2ce470b1-2b5c-4992-9e95-809565b828cc', '2026-05-15 19:36:46.089523+00', '2026-05-15 19:36:46.089523+00', '2026-05-15 19:36:46.089523+00', '{"eTag": "\"59816ba01806d1290251f8823225eb11\"", "size": 1640755, "mimetype": "image/jpeg", "cacheControl": "max-age=3600", "lastModified": "2026-05-15T19:36:46.000Z", "contentLength": 1640755, "httpStatusCode": 200}', '4199ce77-5419-4b6f-9f49-2c1dcf5645bc', '2ce470b1-2b5c-4992-9e95-809565b828cc', '{}'),
	('bb8ff088-dcf1-4ee3-8550-226a2f3dc558', 'product-images', 'products/bdc8fa3a-127d-4604-b3cd-1f86041ed9cc/1778873806202-4-u-side.jpg', '2ce470b1-2b5c-4992-9e95-809565b828cc', '2026-05-15 19:36:46.454467+00', '2026-05-15 19:36:46.454467+00', '2026-05-15 19:36:46.454467+00', '{"eTag": "\"0955ecd4c3961edaa4dc03fb2a04bcf9\"", "size": 1280204, "mimetype": "image/jpeg", "cacheControl": "max-age=3600", "lastModified": "2026-05-15T19:36:47.000Z", "contentLength": 1280204, "httpStatusCode": 200}', 'fc376131-28a1-4664-b264-24ca978084ee', '2ce470b1-2b5c-4992-9e95-809565b828cc', '{}'),
	('d9611b43-70ba-4bc4-8ea2-a82b137f58a7', 'product-images', 'products/b4eb1a1f-a8ca-40fb-af2f-c36ffd2eb6ac/1778690897235-2-img-20260410-225023.webp', '2ce470b1-2b5c-4992-9e95-809565b828cc', '2026-05-13 16:48:19.040943+00', '2026-05-13 16:48:19.040943+00', '2026-05-13 16:48:19.040943+00', '{"eTag": "\"a3e5491d09954de9a52bde1fc800ad00\"", "size": 660830, "mimetype": "image/webp", "cacheControl": "max-age=3600", "lastModified": "2026-05-13T16:48:19.000Z", "contentLength": 660830, "httpStatusCode": 200}', '3c4f122d-f067-496e-b123-b83a598744d1', '2ce470b1-2b5c-4992-9e95-809565b828cc', '{}'),
	('82f96f31-f83f-41dd-98b1-d21fbadcf9ff', 'product-images', 'products/67db6747-0666-40bd-b393-aa6f2e7ecc83/1778867694586-1-p-side.jpg', '2ce470b1-2b5c-4992-9e95-809565b828cc', '2026-05-15 17:55:38.774535+00', '2026-05-15 17:55:38.774535+00', '2026-05-15 17:55:38.774535+00', '{"eTag": "\"0fa79080e05c4160fb133ae66eacf123\"", "size": 1575741, "mimetype": "image/jpeg", "cacheControl": "max-age=3600", "lastModified": "2026-05-15T17:55:39.000Z", "contentLength": 1575741, "httpStatusCode": 200}', '344c786b-e3d9-45a7-8463-1a0dd91b3755', '2ce470b1-2b5c-4992-9e95-809565b828cc', '{}'),
	('b7adddc7-d037-4ca4-bd6b-2aef3370ee7f', 'product-images', 'products/bdc8fa3a-127d-4604-b3cd-1f86041ed9cc/1778873805069-1-p-side.jpg', '2ce470b1-2b5c-4992-9e95-809565b828cc', '2026-05-15 19:36:46.027403+00', '2026-05-15 19:36:46.027403+00', '2026-05-15 19:36:46.027403+00', '{"eTag": "\"e3e108afd6272d0cd88d55a9e523fa56\"", "size": 1707495, "mimetype": "image/jpeg", "cacheControl": "max-age=3600", "lastModified": "2026-05-15T19:36:46.000Z", "contentLength": 1707495, "httpStatusCode": 200}', 'c196d68a-3370-4053-9425-653585298f57', '2ce470b1-2b5c-4992-9e95-809565b828cc', '{}'),
	('8517661e-d2fb-425d-970f-1848e2ffeee2', 'product-images', 'products/e130a629-f115-4a43-986e-920f49d13900/1778691172683-1-img-20260414-010520.webp', '2ce470b1-2b5c-4992-9e95-809565b828cc', '2026-05-13 16:52:54.26994+00', '2026-05-13 16:52:54.26994+00', '2026-05-13 16:52:54.26994+00', '{"eTag": "\"c034af43f54652c91230afe947904ad1\"", "size": 324194, "mimetype": "image/webp", "cacheControl": "max-age=3600", "lastModified": "2026-05-13T16:52:55.000Z", "contentLength": 324194, "httpStatusCode": 200}', 'a50c6d48-8292-48fe-b5b8-21abb3a3ba46', '2ce470b1-2b5c-4992-9e95-809565b828cc', '{}'),
	('1de6b514-8c7f-4bb6-9541-ae342f96c3a7', 'product-images', 'products/e130a629-f115-4a43-986e-920f49d13900/1778691172683-2-img-20260414-010537.webp', '2ce470b1-2b5c-4992-9e95-809565b828cc', '2026-05-13 16:52:54.283994+00', '2026-05-13 16:52:54.283994+00', '2026-05-13 16:52:54.283994+00', '{"eTag": "\"635235917274f1cdec995a050a74fa50\"", "size": 461714, "mimetype": "image/webp", "cacheControl": "max-age=3600", "lastModified": "2026-05-13T16:52:55.000Z", "contentLength": 461714, "httpStatusCode": 200}', 'ee144c02-8a58-43de-9807-995b207a226c', '2ce470b1-2b5c-4992-9e95-809565b828cc', '{}'),
	('2a5bdfd7-2a4d-40c8-9af2-9b21cd9d13ec', 'product-images', 'products/e130a629-f115-4a43-986e-920f49d13900/1778691172683-3-img-20260414-010942.webp', '2ce470b1-2b5c-4992-9e95-809565b828cc', '2026-05-13 16:52:54.32854+00', '2026-05-13 16:52:54.32854+00', '2026-05-13 16:52:54.32854+00', '{"eTag": "\"62ff7127556b9eda5b9bd4d1164ae7f1\"", "size": 388032, "mimetype": "image/webp", "cacheControl": "max-age=3600", "lastModified": "2026-05-13T16:52:55.000Z", "contentLength": 388032, "httpStatusCode": 200}', 'ac012730-f7bc-4800-92c6-99501492e317', '2ce470b1-2b5c-4992-9e95-809565b828cc', '{}'),
	('d21c7cc0-00c7-4257-ab28-4e10f983a427', 'product-images', 'products/e130a629-f115-4a43-986e-920f49d13900/1778691172682-0-img-20260414-010055.webp', '2ce470b1-2b5c-4992-9e95-809565b828cc', '2026-05-13 16:52:54.351648+00', '2026-05-13 16:52:54.351648+00', '2026-05-13 16:52:54.351648+00', '{"eTag": "\"a5e526b0ffe2af29fdac9e48b1588632\"", "size": 366158, "mimetype": "image/webp", "cacheControl": "max-age=3600", "lastModified": "2026-05-13T16:52:55.000Z", "contentLength": 366158, "httpStatusCode": 200}', 'a81357cb-c366-458e-bc94-086b57f46ea1', '2ce470b1-2b5c-4992-9e95-809565b828cc', '{}'),
	('7d4ebb9a-cae7-49b7-867f-847b0b7e025d', 'product-images', 'products/76136b79-e4ec-4201-961b-c66f3eb4d6a3/1778763218286-3-u-side.webp', '2ce470b1-2b5c-4992-9e95-809565b828cc', '2026-05-14 12:54:18.060435+00', '2026-05-14 12:54:18.060435+00', '2026-05-14 12:54:18.060435+00', '{"eTag": "\"dc64b4c37ee345a0d4533b0cdc30f2f8\"", "size": 317488, "mimetype": "image/webp", "cacheControl": "max-age=3600", "lastModified": "2026-05-14T12:54:19.000Z", "contentLength": 317488, "httpStatusCode": 200}', '85abc0c8-8cd4-4d23-a15e-d6eafd9e758a', '2ce470b1-2b5c-4992-9e95-809565b828cc', '{}'),
	('6be56fe5-11a5-4472-b88e-b82c84c9382b', 'product-images', 'products/76136b79-e4ec-4201-961b-c66f3eb4d6a3/1778763218286-1-p-side.webp', '2ce470b1-2b5c-4992-9e95-809565b828cc', '2026-05-14 12:54:18.074083+00', '2026-05-14 12:54:18.074083+00', '2026-05-14 12:54:18.074083+00', '{"eTag": "\"1d883c02f14e89276401aec98fa98d94\"", "size": 234886, "mimetype": "image/webp", "cacheControl": "max-age=3600", "lastModified": "2026-05-14T12:54:19.000Z", "contentLength": 234886, "httpStatusCode": 200}', '84f21f2d-b154-4dca-b271-aebfc8eb2f57', '2ce470b1-2b5c-4992-9e95-809565b828cc', '{}'),
	('260e8daa-fcc4-426f-a5ab-6cefc17fbbef', 'product-images', 'products/76136b79-e4ec-4201-961b-c66f3eb4d6a3/1778763218285-0-b-side.webp', '2ce470b1-2b5c-4992-9e95-809565b828cc', '2026-05-14 12:54:18.075225+00', '2026-05-14 12:54:18.075225+00', '2026-05-14 12:54:18.075225+00', '{"eTag": "\"45f92c72e50acd4245dfa1c738633c9a\"", "size": 206358, "mimetype": "image/webp", "cacheControl": "max-age=3600", "lastModified": "2026-05-14T12:54:19.000Z", "contentLength": 206358, "httpStatusCode": 200}', '082e60b0-c261-431e-9811-45a7c9f8d76f', '2ce470b1-2b5c-4992-9e95-809565b828cc', '{}'),
	('034095e8-b287-483d-9e0d-1094cc55bf83', 'product-images', 'products/76136b79-e4ec-4201-961b-c66f3eb4d6a3/1778763218286-2-r-side.webp', '2ce470b1-2b5c-4992-9e95-809565b828cc', '2026-05-14 12:54:18.143258+00', '2026-05-14 12:54:18.143258+00', '2026-05-14 12:54:18.143258+00', '{"eTag": "\"272e322c677ca36237321354eae10f6a\"", "size": 355556, "mimetype": "image/webp", "cacheControl": "max-age=3600", "lastModified": "2026-05-14T12:54:19.000Z", "contentLength": 355556, "httpStatusCode": 200}', '6a235cf8-9d11-4a69-bee2-20a150916b52', '2ce470b1-2b5c-4992-9e95-809565b828cc', '{}'),
	('28e846b2-3884-4339-ab78-e76157ae3cf2', 'product-images', 'products/67db6747-0666-40bd-b393-aa6f2e7ecc83/1778867694586-2-r-side.jpg', '2ce470b1-2b5c-4992-9e95-809565b828cc', '2026-05-15 17:55:38.793219+00', '2026-05-15 17:55:38.793219+00', '2026-05-15 17:55:38.793219+00', '{"eTag": "\"fb676bc81332662eb0bbd15074271963\"", "size": 1275796, "mimetype": "image/jpeg", "cacheControl": "max-age=3600", "lastModified": "2026-05-15T17:55:39.000Z", "contentLength": 1275796, "httpStatusCode": 200}', '4b521aaf-e6d0-424e-b7fa-c427e3779b8f', '2ce470b1-2b5c-4992-9e95-809565b828cc', '{}'),
	('d991fef2-6149-4a1e-bf45-f6e23dfc20c7', 'product-images', 'products/0e642c4c-b19f-442c-9948-610274292a0b/1778766746422-1-p-side.webp', '2ce470b1-2b5c-4992-9e95-809565b828cc', '2026-05-14 13:53:06.075887+00', '2026-05-14 13:53:06.075887+00', '2026-05-14 13:53:06.075887+00', '{"eTag": "\"7615dda8081a0ec0a6ac8566ad5e63ed\"", "size": 355018, "mimetype": "image/webp", "cacheControl": "max-age=3600", "lastModified": "2026-05-14T13:53:07.000Z", "contentLength": 355018, "httpStatusCode": 200}', '07d07fc1-70c0-41e7-950c-03f832a945f7', '2ce470b1-2b5c-4992-9e95-809565b828cc', '{}'),
	('d1263bd1-69f0-4e0b-a019-c68342017969', 'product-images', 'products/0e642c4c-b19f-442c-9948-610274292a0b/1778766746421-0-b-side.webp', '2ce470b1-2b5c-4992-9e95-809565b828cc', '2026-05-14 13:53:06.072079+00', '2026-05-14 13:53:06.072079+00', '2026-05-14 13:53:06.072079+00', '{"eTag": "\"ff74bcbaeb5cf396bc5ce51d9816acf7\"", "size": 228856, "mimetype": "image/webp", "cacheControl": "max-age=3600", "lastModified": "2026-05-14T13:53:06.000Z", "contentLength": 228856, "httpStatusCode": 200}', '4d8d7008-0412-44f6-89f3-11fc64f340f0', '2ce470b1-2b5c-4992-9e95-809565b828cc', '{}'),
	('ef646523-c78f-4dde-b0f4-09754a8b2056', 'product-images', 'products/0e642c4c-b19f-442c-9948-610274292a0b/1778766746422-2-r-sidw.webp', '2ce470b1-2b5c-4992-9e95-809565b828cc', '2026-05-14 13:53:06.058873+00', '2026-05-14 13:53:06.058873+00', '2026-05-14 13:53:06.058873+00', '{"eTag": "\"7a443e1132f3a84eca5ed1eade14b798\"", "size": 312146, "mimetype": "image/webp", "cacheControl": "max-age=3600", "lastModified": "2026-05-14T13:53:07.000Z", "contentLength": 312146, "httpStatusCode": 200}', 'cc6833ab-2843-4da5-9904-650384e399f0', '2ce470b1-2b5c-4992-9e95-809565b828cc', '{}'),
	('d1cfd23e-0847-48a0-9ece-f2ca81ef925e', 'product-images', 'products/0e642c4c-b19f-442c-9948-610274292a0b/1778766746422-3-u-side1.webp', '2ce470b1-2b5c-4992-9e95-809565b828cc', '2026-05-14 13:53:06.331133+00', '2026-05-14 13:53:06.331133+00', '2026-05-14 13:53:06.331133+00', '{"eTag": "\"05c7f08e33d35c0e14874bd5af1960f6\"", "size": 335336, "mimetype": "image/webp", "cacheControl": "max-age=3600", "lastModified": "2026-05-14T13:53:07.000Z", "contentLength": 335336, "httpStatusCode": 200}', '20924344-b321-46ef-bd6b-b6886ade0c42', '2ce470b1-2b5c-4992-9e95-809565b828cc', '{}'),
	('0d377d8d-e9e6-4e92-9609-85a85df8a43a', 'product-images', 'products/bce88844-5ee7-4cbd-b5df-558c5ada052c/1778773144591-2-p-side.webp', '2ce470b1-2b5c-4992-9e95-809565b828cc', '2026-05-14 15:39:44.585496+00', '2026-05-14 15:39:44.585496+00', '2026-05-14 15:39:44.585496+00', '{"eTag": "\"9cc02be170c89150cce59b92672a5fcf\"", "size": 288376, "mimetype": "image/webp", "cacheControl": "max-age=3600", "lastModified": "2026-05-14T15:39:45.000Z", "contentLength": 288376, "httpStatusCode": 200}', '4c0a18fb-9a38-4bb9-a594-da2a92fb7701', '2ce470b1-2b5c-4992-9e95-809565b828cc', '{}'),
	('7528b6e1-63a0-4e0e-bca7-e657e5e89ed3', 'product-images', 'products/bce88844-5ee7-4cbd-b5df-558c5ada052c/1778773144591-1-box.webp', '2ce470b1-2b5c-4992-9e95-809565b828cc', '2026-05-14 15:39:44.635107+00', '2026-05-14 15:39:44.635107+00', '2026-05-14 15:39:44.635107+00', '{"eTag": "\"81b86d2201e135ffdd24a8c7db7ff71f\"", "size": 629810, "mimetype": "image/webp", "cacheControl": "max-age=3600", "lastModified": "2026-05-14T15:39:45.000Z", "contentLength": 629810, "httpStatusCode": 200}', 'b0607eab-dc39-4053-8a84-d7e13311636a', '2ce470b1-2b5c-4992-9e95-809565b828cc', '{}'),
	('951f28f1-6897-46a8-b304-cefbc0d806d0', 'product-images', 'products/bce88844-5ee7-4cbd-b5df-558c5ada052c/1778773144590-0-b-side.webp', '2ce470b1-2b5c-4992-9e95-809565b828cc', '2026-05-14 15:39:44.925029+00', '2026-05-14 15:39:44.925029+00', '2026-05-14 15:39:44.925029+00', '{"eTag": "\"4b516f257cb5b6ab342e11657910f5e3\"", "size": 333488, "mimetype": "image/webp", "cacheControl": "max-age=3600", "lastModified": "2026-05-14T15:39:45.000Z", "contentLength": 333488, "httpStatusCode": 200}', '52893fb6-7864-413d-a235-ce38ba6192dc', '2ce470b1-2b5c-4992-9e95-809565b828cc', '{}'),
	('bffce36e-b1b7-458b-9aa9-227efc39ae7f', 'product-images', 'products/bce88844-5ee7-4cbd-b5df-558c5ada052c/1778773144591-3-r-side.webp', '2ce470b1-2b5c-4992-9e95-809565b828cc', '2026-05-14 15:39:44.988592+00', '2026-05-14 15:39:44.988592+00', '2026-05-14 15:39:44.988592+00', '{"eTag": "\"747b0d8e3bf07ccc1a8f280a764456f2\"", "size": 465010, "mimetype": "image/webp", "cacheControl": "max-age=3600", "lastModified": "2026-05-14T15:39:45.000Z", "contentLength": 465010, "httpStatusCode": 200}', '5a6abdc7-2656-421e-be0d-9367f45157e6', '2ce470b1-2b5c-4992-9e95-809565b828cc', '{}'),
	('fca601c8-585b-483c-ba11-0cb10f4767db', 'product-images', 'products/bce88844-5ee7-4cbd-b5df-558c5ada052c/1778773145281-4-u-side.webp', '2ce470b1-2b5c-4992-9e95-809565b828cc', '2026-05-14 15:39:45.170181+00', '2026-05-14 15:39:45.170181+00', '2026-05-14 15:39:45.170181+00', '{"eTag": "\"4536cce7c79e7798d21455ef22ff1f96\"", "size": 356014, "mimetype": "image/webp", "cacheControl": "max-age=3600", "lastModified": "2026-05-14T15:39:46.000Z", "contentLength": 356014, "httpStatusCode": 200}', 'b9774d20-7e92-48d6-8f0c-70b3fbcb894d', '2ce470b1-2b5c-4992-9e95-809565b828cc', '{}'),
	('5ccba6af-ebe6-464b-b3e8-0b033b057fa7', 'product-images', 'products/dbf791e4-4908-4517-9066-1de5d2ed6cf7/1778870723384-2-p-side.webp', '2ce470b1-2b5c-4992-9e95-809565b828cc', '2026-05-15 18:46:07.134983+00', '2026-05-15 18:46:07.134983+00', '2026-05-15 18:46:07.134983+00', '{"eTag": "\"83107ffbf25c8a1adf3f1d5a5dc94798\"", "size": 876918, "mimetype": "image/webp", "cacheControl": "max-age=3600", "lastModified": "2026-05-15T18:46:08.000Z", "contentLength": 876918, "httpStatusCode": 200}', 'f3316bb9-527b-4391-8c9e-780e41a08131', '2ce470b1-2b5c-4992-9e95-809565b828cc', '{}'),
	('d76f3953-cdca-4639-8a9c-3f5a5c063389', 'product-images', 'products/6a4645b0-f9b5-4fd4-82c9-3b02d9d9f42f/1778776806294-1-img-20260504-223838.webp', '2ce470b1-2b5c-4992-9e95-809565b828cc', '2026-05-14 16:40:46.270878+00', '2026-05-14 16:40:46.270878+00', '2026-05-14 16:40:46.270878+00', '{"eTag": "\"84031b43385739a1180039d62e5888fa\"", "size": 493380, "mimetype": "image/webp", "cacheControl": "max-age=3600", "lastModified": "2026-05-14T16:40:47.000Z", "contentLength": 493380, "httpStatusCode": 200}', '91ad7006-5b30-4212-ab47-ed900a3d4073', '2ce470b1-2b5c-4992-9e95-809565b828cc', '{}'),
	('99520358-d4d5-46f9-b24b-e23a7d76d43e', 'product-images', 'products/6a4645b0-f9b5-4fd4-82c9-3b02d9d9f42f/1778776806294-2-img-20260504-223855.avif', '2ce470b1-2b5c-4992-9e95-809565b828cc', '2026-05-14 16:40:46.258397+00', '2026-05-14 16:40:46.258397+00', '2026-05-14 16:40:46.258397+00', '{"eTag": "\"5a5fcba2148e43be98362532ca279f3a\"", "size": 102464, "mimetype": "image/avif", "cacheControl": "max-age=3600", "lastModified": "2026-05-14T16:40:47.000Z", "contentLength": 102464, "httpStatusCode": 200}', '8454e87a-bbc6-4e33-8c4f-0b83110073bd', '2ce470b1-2b5c-4992-9e95-809565b828cc', '{}'),
	('7f9fe167-3f8f-4d07-b022-2b78d14947fe', 'product-images', 'products/6a4645b0-f9b5-4fd4-82c9-3b02d9d9f42f/1778776806294-3-img-20260504-224122.avif', '2ce470b1-2b5c-4992-9e95-809565b828cc', '2026-05-14 16:40:46.307851+00', '2026-05-14 16:40:46.307851+00', '2026-05-14 16:40:46.307851+00', '{"eTag": "\"4240ecaf26ad5da536f5fcbcfdf1ec18\"", "size": 137617, "mimetype": "image/avif", "cacheControl": "max-age=3600", "lastModified": "2026-05-14T16:40:47.000Z", "contentLength": 137617, "httpStatusCode": 200}', '511624c1-86e6-44f0-b666-68e4f2c8c075', '2ce470b1-2b5c-4992-9e95-809565b828cc', '{}'),
	('873b6a37-93e9-431a-8fbb-f5382cc4acdd', 'product-images', 'products/6a4645b0-f9b5-4fd4-82c9-3b02d9d9f42f/1778776806293-0-400.webp', '2ce470b1-2b5c-4992-9e95-809565b828cc', '2026-05-14 16:40:46.348574+00', '2026-05-14 16:40:46.348574+00', '2026-05-14 16:40:46.348574+00', '{"eTag": "\"0e25b058b34e4338340c6e954172dd70\"", "size": 595614, "mimetype": "image/webp", "cacheControl": "max-age=3600", "lastModified": "2026-05-14T16:40:47.000Z", "contentLength": 595614, "httpStatusCode": 200}', '1033e717-24b2-4aa7-96f5-e45eca14b974', '2ce470b1-2b5c-4992-9e95-809565b828cc', '{}'),
	('ed2e1232-f3b1-414c-af3d-ceaed088dbad', 'product-images', 'products/6a4645b0-f9b5-4fd4-82c9-3b02d9d9f42f/1778776807049-4-img-20260504-224804.avif', '2ce470b1-2b5c-4992-9e95-809565b828cc', '2026-05-14 16:40:46.831037+00', '2026-05-14 16:40:46.831037+00', '2026-05-14 16:40:46.831037+00', '{"eTag": "\"6f470c71b9082966e93c67b78b5bdd3d\"", "size": 167709, "mimetype": "image/avif", "cacheControl": "max-age=3600", "lastModified": "2026-05-14T16:40:47.000Z", "contentLength": 167709, "httpStatusCode": 200}', '58a4b671-cef3-49bb-9415-3b6f7d6d6d08', '2ce470b1-2b5c-4992-9e95-809565b828cc', '{}'),
	('1265d9e7-5b10-4531-a9e5-2136385a37bc', 'product-images', 'products/dbf791e4-4908-4517-9066-1de5d2ed6cf7/1778870723381-0-2b-side.webp', '2ce470b1-2b5c-4992-9e95-809565b828cc', '2026-05-15 18:46:07.15819+00', '2026-05-15 18:46:07.15819+00', '2026-05-15 18:46:07.15819+00', '{"eTag": "\"631533a66e813ca61f00982e9740bbb5\"", "size": 457106, "mimetype": "image/webp", "cacheControl": "max-age=3600", "lastModified": "2026-05-15T18:46:08.000Z", "contentLength": 457106, "httpStatusCode": 200}', 'cfae460b-f863-49de-8ebd-1b375a70cc8b', '2ce470b1-2b5c-4992-9e95-809565b828cc', '{}'),
	('400f099f-5607-4127-a693-8b9d997bde64', 'product-images', 'products/c30c27d9-1271-4b72-8ac5-2553e188b581/1778844866777-0-b-side.jpg', '2ce470b1-2b5c-4992-9e95-809565b828cc', '2026-05-15 11:35:08.853357+00', '2026-05-15 11:35:08.853357+00', '2026-05-15 11:35:08.853357+00', '{"eTag": "\"f306297dcde3953c97b25e79422be434\"", "size": 740489, "mimetype": "image/jpeg", "cacheControl": "max-age=3600", "lastModified": "2026-05-15T11:35:09.000Z", "contentLength": 740489, "httpStatusCode": 200}', '96846059-ed4e-458d-8e30-2caf2c14c8cc', '2ce470b1-2b5c-4992-9e95-809565b828cc', '{}'),
	('c534e213-8b73-45a2-b562-af99edfc148a', 'product-images', 'products/c30c27d9-1271-4b72-8ac5-2553e188b581/1778844866781-2-r-side.jpg', '2ce470b1-2b5c-4992-9e95-809565b828cc', '2026-05-15 11:35:08.962816+00', '2026-05-15 11:35:08.962816+00', '2026-05-15 11:35:08.962816+00', '{"eTag": "\"b0baae5eeff34b97688cf27777ebc093\"", "size": 1076160, "mimetype": "image/jpeg", "cacheControl": "max-age=3600", "lastModified": "2026-05-15T11:35:09.000Z", "contentLength": 1076160, "httpStatusCode": 200}', '2c6d751d-9637-4832-ab2d-a2b146f06cb6', '2ce470b1-2b5c-4992-9e95-809565b828cc', '{}'),
	('367b1511-3616-43de-9d78-78af5bffb857', 'product-images', 'products/c30c27d9-1271-4b72-8ac5-2553e188b581/1778844866781-3-u-side.jpg', '2ce470b1-2b5c-4992-9e95-809565b828cc', '2026-05-15 11:35:08.981215+00', '2026-05-15 11:35:08.981215+00', '2026-05-15 11:35:08.981215+00', '{"eTag": "\"57476cb8489b0d00a3aab083bdcaed63\"", "size": 1048803, "mimetype": "image/jpeg", "cacheControl": "max-age=3600", "lastModified": "2026-05-15T11:35:09.000Z", "contentLength": 1048803, "httpStatusCode": 200}', 'fa944c01-74ed-4a2b-b1b3-593bf0184dc8', '2ce470b1-2b5c-4992-9e95-809565b828cc', '{}'),
	('0b0c9e1a-b3cb-45e7-bdb1-861a830b4119', 'product-images', 'products/c30c27d9-1271-4b72-8ac5-2553e188b581/1778844866781-1-p-side.jpg', '2ce470b1-2b5c-4992-9e95-809565b828cc', '2026-05-15 11:35:09.074214+00', '2026-05-15 11:35:09.074214+00', '2026-05-15 11:35:09.074214+00', '{"eTag": "\"d073a526b9e77b0732a9e209b79f1fbb\"", "size": 1126113, "mimetype": "image/jpeg", "cacheControl": "max-age=3600", "lastModified": "2026-05-15T11:35:09.000Z", "contentLength": 1126113, "httpStatusCode": 200}', '4d4ea995-ac58-4e77-8836-19a7ea09e06d', '2ce470b1-2b5c-4992-9e95-809565b828cc', '{}'),
	('feff2f54-44b7-4752-9040-73c15974ecee', 'product-images', 'products/dbf791e4-4908-4517-9066-1de5d2ed6cf7/1778870724244-4-r-side.webp', '2ce470b1-2b5c-4992-9e95-809565b828cc', '2026-05-15 18:46:07.583973+00', '2026-05-15 18:46:07.583973+00', '2026-05-15 18:46:07.583973+00', '{"eTag": "\"79f2e1ba2134c08d4a4400ce332a25d5\"", "size": 502308, "mimetype": "image/webp", "cacheControl": "max-age=3600", "lastModified": "2026-05-15T18:46:08.000Z", "contentLength": 502308, "httpStatusCode": 200}', '9ac779a6-912c-4d00-bd02-792e1298c04e', '2ce470b1-2b5c-4992-9e95-809565b828cc', '{}'),
	('90c3bf7d-984d-4035-b7ec-6ccbc6a2e35b', 'product-images', 'products/dbf791e4-4908-4517-9066-1de5d2ed6cf7/1778870724353-5-s-l1600-2.webp', '2ce470b1-2b5c-4992-9e95-809565b828cc', '2026-05-15 18:46:07.659715+00', '2026-05-15 18:46:07.659715+00', '2026-05-15 18:46:07.659715+00', '{"eTag": "\"8a9cf980e0352db30b19c09c55d0b58b\"", "size": 148174, "mimetype": "image/webp", "cacheControl": "max-age=3600", "lastModified": "2026-05-15T18:46:08.000Z", "contentLength": 148174, "httpStatusCode": 200}', 'e6bb776c-150d-457d-aa5f-886781b5d43b', '2ce470b1-2b5c-4992-9e95-809565b828cc', '{}'),
	('985e8648-090a-4c99-8378-9a0b4eebc134', 'product-images', 'products/423b16da-2ed6-4ee2-843f-3ccf0884b691/1778846438331-0-b-side.jpg', '2ce470b1-2b5c-4992-9e95-809565b828cc', '2026-05-15 12:01:20.48761+00', '2026-05-15 12:01:20.48761+00', '2026-05-15 12:01:20.48761+00', '{"eTag": "\"81f2467c031ffa5efb1912136632e8ec\"", "size": 1029973, "mimetype": "image/jpeg", "cacheControl": "max-age=3600", "lastModified": "2026-05-15T12:01:21.000Z", "contentLength": 1029973, "httpStatusCode": 200}', 'cba54aa5-796a-4445-bf73-14c0fa423e14', '2ce470b1-2b5c-4992-9e95-809565b828cc', '{}'),
	('c12271ca-1580-4071-90f3-96e7d5fc8590', 'product-images', 'products/423b16da-2ed6-4ee2-843f-3ccf0884b691/1778846438333-2-r-side.jpg', '2ce470b1-2b5c-4992-9e95-809565b828cc', '2026-05-15 12:01:20.551085+00', '2026-05-15 12:01:20.551085+00', '2026-05-15 12:01:20.551085+00', '{"eTag": "\"27577feaac49de5a3cd203ac402cf04d\"", "size": 1027850, "mimetype": "image/jpeg", "cacheControl": "max-age=3600", "lastModified": "2026-05-15T12:01:21.000Z", "contentLength": 1027850, "httpStatusCode": 200}', '58a3139f-d2e6-40a1-ab32-675817cda52b', '2ce470b1-2b5c-4992-9e95-809565b828cc', '{}'),
	('0970618e-22d6-4995-a6b0-5dd910d76c8b', 'product-images', 'products/423b16da-2ed6-4ee2-843f-3ccf0884b691/1778846438333-3-u-side.jpg', '2ce470b1-2b5c-4992-9e95-809565b828cc', '2026-05-15 12:01:20.56452+00', '2026-05-15 12:01:20.56452+00', '2026-05-15 12:01:20.56452+00', '{"eTag": "\"1d4550de26422754177c1215f6b9d23b\"", "size": 909054, "mimetype": "image/jpeg", "cacheControl": "max-age=3600", "lastModified": "2026-05-15T12:01:21.000Z", "contentLength": 909054, "httpStatusCode": 200}', 'c009a5b7-fb5c-4bac-b95f-6e4d013d73db', '2ce470b1-2b5c-4992-9e95-809565b828cc', '{}'),
	('9881a0ee-5548-41c4-8af4-bb0f1481a0f8', 'product-images', 'products/423b16da-2ed6-4ee2-843f-3ccf0884b691/1778846438333-1-p-side.jpg', '2ce470b1-2b5c-4992-9e95-809565b828cc', '2026-05-15 12:01:20.630615+00', '2026-05-15 12:01:20.630615+00', '2026-05-15 12:01:20.630615+00', '{"eTag": "\"df555e4b2380c23484640d1a50ad1a67\"", "size": 1689439, "mimetype": "image/jpeg", "cacheControl": "max-age=3600", "lastModified": "2026-05-15T12:01:21.000Z", "contentLength": 1689439, "httpStatusCode": 200}', '0f70a9f4-e4be-4add-ad65-6e00403f8f40', '2ce470b1-2b5c-4992-9e95-809565b828cc', '{}');


--
-- Data for Name: s3_multipart_uploads; Type: TABLE DATA; Schema: storage; Owner: supabase_storage_admin
--



--
-- Data for Name: s3_multipart_uploads_parts; Type: TABLE DATA; Schema: storage; Owner: supabase_storage_admin
--



--
-- Data for Name: vector_indexes; Type: TABLE DATA; Schema: storage; Owner: supabase_storage_admin
--



--
-- Data for Name: hooks; Type: TABLE DATA; Schema: supabase_functions; Owner: supabase_functions_admin
--



--
-- Name: refresh_tokens_id_seq; Type: SEQUENCE SET; Schema: auth; Owner: supabase_auth_admin
--

SELECT pg_catalog.setval('"auth"."refresh_tokens_id_seq"', 221, true);


--
-- Name: hooks_id_seq; Type: SEQUENCE SET; Schema: supabase_functions; Owner: supabase_functions_admin
--

SELECT pg_catalog.setval('"supabase_functions"."hooks_id_seq"', 1, false);


--
-- PostgreSQL database dump complete
--

-- \unrestrict SP5t7DWWr3IkGhWQWb1uE4BxRp3o3YjL71QdZjKRsq0pXXGgZ4XcK1SdVSH3CSC

RESET ALL;
